RETAILER_CODE,RANG,GAME_CODE_RECOMMANDE,SCORE_POPULARITE_GLOBALE
10000001,1,2,27338977750
10000001,2,5,1409640750
10000001,3,3,1408458250
10000001,4,6,830053250
10000001,5,7,289751000
20201001,1,5,1409636500
20201001,2,3,1408451500
20201001,3,6,830053250
20201001,4,7,289751000
20201001,5,9,0
20202701,1,3,1408306750
20202701,2,6,829944750
20202701,3,7,289714250
20202701,4,9,0
20202701,5,10,0
20203301,1,5,1408066750
20203301,2,6,829254250
20203301,3,7,289509750
20203301,4,9,0
20203301,5,10,0
20203801,1,3,1407885500
20203801,2,6,829840250
20203801,3,7,289719500
20203801,4,9,0
20203801,5,10,0
20204101,1,3,1408426250
20204101,2,6,830032250
20204101,3,7,289749500
20204101,4,9,0
20204101,5,10,0
20204401,1,5,1409400500
20204401,2,6,830015000
20204401,3,7,289739000
20204401,4,9,0
20204401,5,10,0
20205101,1,2,27338978250
20205101,2,3,1408441250
20205101,3,6,829997750
20205101,4,7,289727000
20205101,5,9,0
20205301,1,3,1408398750
20205301,2,6,829994750
20205301,3,7,289746000
20205301,4,9,0
20205301,5,10,0
20205801,1,2,27338930750
20205801,2,3,1408442250
20205801,3,6,830052750
20205801,4,7,289751000
20205801,5,9,0
20206101,1,2,27338976250
20206101,2,5,1409640750
20206101,3,3,1408458250
20206101,4,6,830053250
20206101,5,7,289751000
20206901,1,1,450198843600
20206901,2,2,27338978250
20206901,3,5,1409640750
20206901,4,3,1408458250
20206901,5,6,830053250
20207001,1,1,450200574200
20207001,2,2,27338978250
20207001,3,5,1409640750
20207001,4,3,1408458250
20207001,5,6,830053250
20207101,1,1,450200870800
20207101,2,2,27338978250
20207101,3,5,1409640750
20207101,4,3,1408458250
20207101,5,6,830053250
20207501,1,5,1409384250
20207501,2,3,1408172000
20207501,3,7,289548750
20207501,4,9,0
20207501,5,10,0
20211250,1,2,27338978250
20211250,2,5,1408986500
20211250,3,6,829389750
20211250,4,7,289679250
20211250,5,9,0
20217101,1,3,1408361250
20217101,2,6,829939750
20217101,3,7,289718750
20217101,4,9,0
20217101,5,10,0
20217301,1,3,1407955250
20217301,2,6,829672250
20217301,3,7,289625250
20217301,4,9,0
20217301,5,10,0
20217601,1,3,1407815250
20217601,2,5,1407681750
20217601,3,7,287011500
20217601,4,9,0
20217601,5,10,0
20218001,1,2,27338967000
20218001,2,5,1409638750
20218001,3,3,1408458250
20218001,4,7,289745000
20218001,5,9,0
20225901,1,3,1408389250
20225901,2,6,829905500
20225901,3,7,289738750
20225901,4,9,0
20225901,5,10,0
20235901,1,5,1409632000
20235901,2,6,830048250
20235901,3,7,289750500
20235901,4,9,0
20235901,5,10,0
20279601,1,3,1408294000
20279601,2,6,829826500
20279601,3,7,289598250
20279601,4,9,0
20279601,5,10,0
20308801,1,3,1408131750
20308801,2,6,829839500
20308801,3,7,289698250
20308801,4,9,0
20308801,5,10,0
20400101,1,5,1409563000
20400101,2,6,830043500
20400101,3,7,289745250
20400101,4,9,0
20400101,5,10,0
20400301,1,2,27338947250
20400301,2,5,1409640750
20400301,3,3,1408458250
20400301,4,6,830053250
20400301,5,7,289751000
20401101,1,5,1409359000
20401101,2,6,829983250
20401101,3,7,289716250
20401101,4,9,0
20401101,5,10,0
20418201,1,3,1408283500
20418201,2,6,829827500
20418201,3,7,289718500
20418201,4,9,0
20418201,5,10,0
20600301,1,2,27334616250
20600301,2,5,1409640750
20600301,3,3,1408458250
20600301,4,6,830053250
20600301,5,7,289751000
20624301,1,5,1408989000
20624301,2,3,1408288750
20624301,3,7,288864500
20624301,4,9,0
20624301,5,10,0
20800001,1,5,1409481000
20800001,2,6,829965750
20800001,3,7,289712750
20800001,4,9,0
20800001,5,10,0
20801501,1,3,1408408250
20801501,2,6,830007500
20801501,3,7,289700500
20801501,4,9,0
20801501,5,10,0
20801701,1,2,27338978250
20801701,2,3,1408365250
20801701,3,6,829988000
20801701,4,7,289729000
20801701,5,9,0
20801801,1,2,27338961000
20801801,2,5,1409640750
20801801,3,3,1408458250
20801801,4,6,830053250
20801801,5,7,289751000
20802001,1,5,1409364500
20802001,2,6,829939750
20802001,3,7,289644750
20802001,4,9,0
20802001,5,10,0
20805601,1,3,1408288500
20805601,2,6,829975750
20805601,3,7,289741500
20805601,4,9,0
20805601,5,10,0
20806501,1,5,1405462750
20806501,2,6,828983250
20806501,3,7,289406250
20806501,4,9,0
20806501,5,10,0
20826200,1,3,1408349500
20826200,2,6,829721500
20826200,3,7,289657750
20826200,4,9,0
20826200,5,10,0
20826601,1,3,1408188500
20826601,2,6,829816250
20826601,3,7,289704750
20826601,4,9,0
20826601,5,10,0
20900210,1,2,27338978250
20900210,2,5,1408299500
20900210,3,3,1407304500
20900210,4,7,289460250
20900210,5,9,0
20900910,1,2,27338974000
20900910,2,5,1409640750
20900910,3,3,1408458250
20900910,4,6,830051000
20900910,5,7,289751000
20905520,1,3,1407963250
20905520,2,6,829229750
20905520,3,7,289517750
20905520,4,9,0
20905520,5,10,0
21000301,1,5,1409475750
21000301,2,6,830017750
21000301,3,7,289654000
21000301,4,9,0
21000301,5,10,0
21027000,1,5,1409287000
21027000,2,6,829908500
21027000,3,7,289705750
21027000,4,9,0
21027000,5,10,0
21100001,1,2,27338028500
21100001,2,3,1407801500
21100001,3,7,289548000
21100001,4,9,0
21100001,5,10,0
21100160,1,3,1406434750
21100160,2,6,827625000
21100160,3,7,288600000
21100160,4,9,0
21100160,5,10,0
21101850,1,3,1407787750
21101850,2,6,829155000
21101850,3,7,289469000
21101850,4,9,0
21101850,5,10,0
21102301,1,1,450179212900
21102301,2,5,1409640750
21102301,3,3,1408458250
21102301,4,6,830053250
21102301,5,7,289751000
21104701,1,3,1408055750
21104701,2,6,829776000
21104701,3,7,289582500
21104701,4,9,0
21104701,5,10,0
21104801,1,3,1403351250
21104801,2,5,1403062750
21104801,3,7,288153000
21104801,4,9,0
21104801,5,10,0
21105001,1,2,27338978250
21105001,2,3,1408434250
21105001,3,6,830031750
21105001,4,7,289749250
21105001,5,9,0
21105501,1,3,1407886500
21105501,2,6,829747000
21105501,3,7,289533500
21105501,4,9,0
21105501,5,10,0
21105801,1,3,1408442250
21105801,2,6,830026750
21105801,3,7,289750000
21105801,4,9,0
21105801,5,10,0
21107401,1,2,27338978250
21107401,2,5,1409631750
21107401,3,3,1408437250
21107401,4,7,289740500
21107401,5,9,0
21107601,1,2,27320812250
21107601,2,5,1409640750
21107601,3,3,1408458250
21107601,4,6,830053250
21107601,5,7,289751000
21108020,1,5,1407695500
21108020,2,6,828831750
21108020,3,7,289115250
21108020,4,9,0
21108020,5,10,0
21110401,1,2,27338959750
21110401,2,5,1409190250
21110401,3,7,289461250
21110401,4,9,0
21110401,5,10,0
21111301,1,5,1409639250
21111301,2,3,1408457750
21111301,3,6,830050250
21111301,4,7,289751000
21111301,5,9,0
21117001,1,1,450200904800
21117001,2,5,1409640750
21117001,3,3,1408458250
21117001,4,6,830053250
21117001,5,7,289751000
21125901,1,5,1409525500
21125901,2,6,829901000
21125901,3,7,289729000
21125901,4,9,0
21125901,5,10,0
21126501,1,5,1409551000
21126501,2,3,1408375000
21126501,3,7,289743000
21126501,4,9,0
21126501,5,10,0
21126700,1,3,1407930500
21126700,2,6,829734000
21126700,3,7,289700500
21126700,4,9,0
21126700,5,10,0
21146501,1,5,1408995250
21146501,2,6,829799250
21146501,3,7,289622000
21146501,4,9,0
21146501,5,10,0
21146701,1,3,1408419500
21146701,2,6,830025000
21146701,3,7,289729500
21146701,4,9,0
21146701,5,10,0
21146901,1,3,1408362500
21146901,2,6,829972500
21146901,3,7,289697250
21146901,4,9,0
21146901,5,10,0
21200301,1,2,27338775500
21200301,2,5,1409640750
21200301,3,3,1408458250
21200301,4,6,830053250
21200301,5,7,289751000
21200501,1,5,1409640750
21200501,2,3,1408458250
21200501,3,6,830039250
21200501,4,7,289743000
21200501,5,9,0
21201230,1,3,1407306750
21201230,2,6,829370750
21201230,3,7,289566500
21201230,4,9,0
21201230,5,10,0
21201901,1,2,27338025750
21201901,2,6,828559000
21201901,3,7,289536250
21201901,4,9,0
21201901,5,10,0
21202250,1,5,1409532250
21202250,2,6,830014750
21202250,3,7,289704500
21202250,4,9,0
21202250,5,10,0
21211401,1,5,1409542000
21211401,2,3,1408413500
21211401,3,7,289712500
21211401,4,9,0
21211401,5,10,0
21217101,1,5,1409408750
21217101,2,3,1408169250
21217101,3,7,289668500
21217101,4,9,0
21217101,5,10,0
21226200,1,5,1409639750
21226200,2,3,1408458250
21226200,3,6,830052250
21226200,4,7,289749000
21226200,5,9,0
21300301,1,3,1408226000
21300301,2,6,829883500
21300301,3,7,289724500
21300301,4,9,0
21300301,5,10,0
21301010,1,2,27338977250
21301010,2,6,829599750
21301010,3,7,289522500
21301010,4,9,0
21301010,5,10,0
21302301,1,3,1408022750
21302301,2,6,829804250
21302301,3,7,289668500
21302301,4,9,0
21302301,5,10,0
21302401,1,2,27337846000
21302401,2,5,1409640750
21302401,3,3,1408458250
21302401,4,6,830052750
21302401,5,7,289751000
21400110,1,2,27338614750
21400110,2,3,1408094750
21400110,3,7,289642750
21400110,4,9,0
21400110,5,10,0
21400401,1,2,27338970000
21400401,2,5,1409640750
21400401,3,3,1408458250
21400401,4,6,830053250
21400401,5,7,289751000
21517001,1,3,1407666000
21517001,2,6,829216750
21517001,3,7,289418750
21517001,4,9,0
21517001,5,10,0
21900001,1,5,1409640750
21900001,2,3,1408458250
21900001,3,6,830024250
21900001,4,7,289750500
21900001,5,9,0
22000101,1,1,450199786300
22000101,2,2,27338978250
22000101,3,5,1409640750
22000101,4,3,1408458250
22000101,5,6,830053250
22000201,1,1,450199782100
22000201,2,2,27338978250
22000201,3,5,1409640750
22000201,4,3,1408458250
22000201,5,6,830053250
25400101,1,3,1322675500
25400101,2,6,769916000
25400101,3,7,264823500
25400101,4,9,0
25400101,5,10,0
25400401,1,2,27338975750
25400401,2,3,1408348750
25400401,3,7,289727500
25400401,4,9,0
25400401,5,10,0
25400601,1,1,450074996850
25400601,2,2,27338978250
25400601,3,5,1409640750
25400601,4,3,1408458250
25400601,5,6,830053250
25400701,1,5,1409622000
25400701,2,3,1408451500
25400701,3,7,289743750
25400701,4,9,0
25400701,5,10,0
25400901,1,2,27336243250
25400901,2,5,1409640750
25400901,3,3,1408458250
25400901,4,6,830053250
25400901,5,7,289751000
25401101,1,5,1409589500
25401101,2,3,1408389750
25401101,3,6,830038250
25401101,4,7,289751000
25401101,5,9,0
25401201,1,3,1408296750
25401201,2,6,829910750
25401201,3,7,289749000
25401201,4,9,0
25401201,5,10,0
25401301,1,2,27338978250
25401301,2,5,1409639750
25401301,3,3,1408457750
25401301,4,6,830053250
25401301,5,7,289751000
25401501,1,2,27338978250
25401501,2,3,1408457250
25401501,3,6,830052750
25401501,4,7,289751000
25401501,5,9,0
25401601,1,5,1408717500
25401601,2,6,829774250
25401601,3,7,289663250
25401601,4,9,0
25401601,5,10,0
25401701,1,5,1409331750
25401701,2,6,829914750
25401701,3,7,289706250
25401701,4,9,0
25401701,5,10,0
25401801,1,3,1408363500
25401801,2,6,830003750
25401801,3,7,289734750
25401801,4,9,0
25401801,5,10,0
26100201,1,5,1409624750
26100201,2,3,1408418250
26100201,3,7,289730500
26100201,4,9,0
26100201,5,10,0
26100301,1,5,1409627000
26100301,2,3,1408448000
26100301,3,6,830045750
26100301,4,7,289751000
26100301,5,9,0
26100401,1,3,1408237250
26100401,2,6,829818000
26100401,3,7,289592750
26100401,4,9,0
26100401,5,10,0
26100501,1,2,27338977250
26100501,2,5,1409640750
26100501,3,3,1408458250
26100501,4,6,830053250
26100501,5,7,289751000
26100601,1,1,450200660800
26100601,2,2,27338978250
26100601,3,5,1409640750
26100601,4,3,1408458250
26100601,5,6,830053250
26108101,1,3,1407782000
26108101,2,6,829329000
26108101,3,7,289418000
26108101,4,9,0
26108101,5,10,0
26115701,1,2,27328131750
26115701,2,5,1409640750
26115701,3,3,1408458250
26115701,4,6,830053250
26115701,5,7,289748250
26116600,1,2,27338978250
26116600,2,5,1409637250
26116600,3,3,1408455500
26116600,4,7,289748500
26116600,5,9,0
28800101,1,1,450200903800
28800101,2,2,27338978250
28800101,3,5,1409640750
28800101,4,3,1408458250
28800101,5,6,830053250
28900201,1,3,1408312000
28900201,2,6,829947500
28900201,3,7,289726000
28900201,4,9,0
28900201,5,10,0
28900810,1,2,27338832750
28900810,2,6,827588000
28900810,3,7,289647750
28900810,4,9,0
28900810,5,10,0
28900901,1,3,1407225250
28900901,2,6,829542000
28900901,3,7,289541500
28900901,4,9,0
28900901,5,10,0
28901701,1,5,1408742750
28901701,2,3,1407405500
28901701,3,7,289265000
28901701,4,9,0
28901701,5,10,0
28902701,1,2,27338963000
28902701,2,6,828900500
28902701,3,7,289312000
28902701,4,9,0
28902701,5,10,0
28903401,1,3,1406896750
28903401,2,6,829438000
28903401,3,7,289504750
28903401,4,9,0
28903401,5,10,0
28904650,1,3,1407992250
28904650,2,6,829899500
28904650,3,7,289660750
28904650,4,9,0
28904650,5,10,0
28905301,1,2,27338978250
28905301,2,5,1409640750
28905301,3,3,1408434250
28905301,4,6,830021250
28905301,5,7,289751000
28905401,1,5,1409492500
28905401,2,6,829921250
28905401,3,7,289656750
28905401,4,9,0
28905401,5,10,0
28905701,1,3,1407836000
28905701,2,6,829534500
28905701,3,7,289636500
28905701,4,9,0
28905701,5,10,0
28906401,1,3,1408066750
28906401,2,6,829945500
28906401,3,7,289701000
28906401,4,9,0
28906401,5,10,0
28906701,1,5,1409629500
28906701,2,3,1408457750
28906701,3,6,830046500
28906701,4,7,289751000
28906701,5,9,0
28906801,1,5,1409363500
28906801,2,6,829786750
28906801,3,7,289614750
28906801,4,9,0
28906801,5,10,0
28907401,1,3,1408383750
28907401,2,6,830020750
28907401,3,7,289717000
28907401,4,9,0
28907401,5,10,0
28907901,1,5,1408885750
28907901,2,6,829558000
28907901,3,7,289569250
28907901,4,9,0
28907901,5,10,0
28908101,1,3,1407827500
28908101,2,6,829496000
28908101,3,7,289547250
28908101,4,9,0
28908101,5,10,0
28908401,1,2,27338975250
28908401,2,3,1408402250
28908401,3,7,289740750
28908401,4,9,0
28908401,5,10,0
28908750,1,5,1409223250
28908750,2,6,829974750
28908750,3,7,289704750
28908750,4,9,0
28908750,5,10,0
28908801,1,5,1409159250
28908801,2,6,829655750
28908801,3,7,289581500
28908801,4,9,0
28908801,5,10,0
28909101,1,5,1409429500
28909101,2,6,829843750
28909101,3,7,289611500
28909101,4,9,0
28909101,5,10,0
28909201,1,3,1406856500
28909201,2,6,828804250
28909201,3,7,289175250
28909201,4,9,0
28909201,5,10,0
28909401,1,5,1409639250
28909401,2,3,1408457500
28909401,3,6,830019250
28909401,4,7,289751000
28909401,5,9,0
28911801,1,5,1409640750
28911801,2,3,1408452750
28911801,3,6,830051250
28911801,4,7,289751000
28911801,5,9,0
28911901,1,5,1409634750
28911901,2,3,1408423250
28911901,3,7,289738500
28911901,4,9,0
28911901,5,10,0
28914610,1,2,27338976000
28914610,2,6,829906250
28914610,3,7,289687250
28914610,4,9,0
28914610,5,10,0
28915320,1,5,1409578750
28915320,2,3,1408404000
28915320,3,7,289738500
28915320,4,9,0
28915320,5,10,0
28916801,1,2,27334613000
28916801,2,5,1409638750
28916801,3,3,1408458250
28916801,4,6,830053250
28916801,5,7,289751000
28917401,1,1,450200904800
28917401,2,2,27338978250
28917401,3,5,1409640750
28917401,4,3,1408458250
28917401,5,6,830053250
28917801,1,3,1407894500
28917801,2,6,829666250
28917801,3,7,289638500
28917801,4,9,0
28917801,5,10,0
28918601,1,3,1407513500
28918601,2,6,829554000
28918601,3,7,289526500
28918601,4,9,0
28918601,5,10,0
28923050,1,2,27338978250
28923050,2,5,1409106250
28923050,3,6,829615750
28923050,4,7,289635500
28923050,5,9,0
28923250,1,2,27338978250
28923250,2,5,1408812250
28923250,3,6,829642250
28923250,4,7,289633750
28923250,5,9,0
28929901,1,3,1408354500
28929901,2,6,829986250
28929901,3,7,289686250
28929901,4,9,0
28929901,5,10,0
28956501,1,5,1408192500
28956501,2,6,829499250
28956501,3,7,289563000
28956501,4,9,0
28956501,5,10,0
29000001,1,5,1408257500
29000001,2,6,829068500
29000001,3,7,289559500
29000001,4,9,0
29000001,5,10,0
29000101,1,3,1407276750
29000101,2,6,829535250
29000101,3,7,289470750
29000101,4,9,0
29000101,5,10,0
29001301,1,3,1407101750
29001301,2,6,827019500
29001301,3,7,288547500
29001301,4,9,0
29001301,5,10,0
29001500,1,5,1407919500
29001500,2,6,828768250
29001500,3,7,289322500
29001500,4,9,0
29001500,5,10,0
29001601,1,5,1409362250
29001601,2,3,1408202500
29001601,3,7,289668000
29001601,4,9,0
29001601,5,10,0
29002201,1,5,1409639000
29002201,2,3,1408458250
29002201,3,6,830051750
29002201,4,7,289751000
29002201,5,9,0
29002830,1,2,27338978250
29002830,2,5,1409615750
29002830,3,3,1408442750
29002830,4,6,830053250
29002830,5,7,289751000
29003301,1,3,1407986500
29003301,2,6,829690750
29003301,3,7,289575000
29003301,4,9,0
29003301,5,10,0
29003601,1,3,1408346500
29003601,2,6,829921250
29003601,3,7,289719000
29003601,4,9,0
29003601,5,10,0
29005201,1,5,1409574000
29005201,2,6,830028250
29005201,3,7,289750000
29005201,4,9,0
29005201,5,10,0
29005301,1,2,27332499250
29005301,2,5,1409640750
29005301,3,3,1408458250
29005301,4,6,830053250
29005301,5,7,289750500
29005701,1,2,27338963750
29005701,2,5,1409627500
29005701,3,7,289750250
29005701,4,9,0
29005701,5,10,0
29008901,1,3,1408392750
29008901,2,6,829905500
29008901,3,7,289725000
29008901,4,9,0
29008901,5,10,0
29011001,1,3,1408444250
29011001,2,6,830009750
29011001,3,7,289744000
29011001,4,9,0
29011001,5,10,0
29011601,1,5,1409481750
29011601,2,6,829848750
29011601,3,7,289648500
29011601,4,9,0
29011601,5,10,0
29015601,1,3,1408374250
29015601,2,6,829888000
29015601,3,7,289700750
29015601,4,9,0
29015601,5,10,0
29016700,1,3,1407757750
29016700,2,6,829554750
29016700,3,7,289561750
29016700,4,9,0
29016700,5,10,0
29019750,1,5,1409213250
29019750,2,6,829839250
29019750,3,7,289717750
29019750,4,9,0
29019750,5,10,0
29022201,1,2,27338976250
29022201,2,5,1409624250
29022201,3,6,830032250
29022201,4,7,289751000
29022201,5,9,0
29101010,1,5,1409104250
29101010,2,6,829660250
29101010,3,7,289575750
29101010,4,9,0
29101010,5,10,0
29101201,1,3,1407783500
29101201,2,6,829308750
29101201,3,7,289610500
29101201,4,9,0
29101201,5,10,0
29101310,1,2,27338978250
29101310,2,3,1406852000
29101310,3,6,828824750
29101310,4,7,289445500
29101310,5,9,0
29101801,1,3,1408353500
29101801,2,6,829988000
29101801,3,7,289708250
29101801,4,9,0
29101801,5,10,0
29101901,1,3,1406859500
29101901,2,6,828957250
29101901,3,7,289428750
29101901,4,9,0
29101901,5,10,0
29102510,1,2,27338832750
29102510,2,6,829170000
29102510,3,7,289330750
29102510,4,9,0
29102510,5,10,0
29102790,1,2,27338978250
29102790,2,3,1408190000
29102790,3,6,829747750
29102790,4,7,289550250
29102790,5,9,0
29105010,1,3,1407834500
29105010,2,6,829604250
29105010,3,7,289551750
29105010,4,9,0
29105010,5,10,0
29105101,1,3,1408106000
29105101,2,6,829788250
29105101,3,7,289698250
29105101,4,9,0
29105101,5,10,0
29108401,1,5,1409492750
29108401,2,3,1408372750
29108401,3,7,289702000
29108401,4,9,0
29108401,5,10,0
29108610,1,3,1407533750
29108610,2,6,829021250
29108610,3,7,289395500
29108610,4,9,0
29108610,5,10,0
29110501,1,1,450200904300
29110501,2,2,27338978250
29110501,3,5,1409640750
29110501,4,3,1408458250
29110501,5,6,830053250
29111101,1,2,27338959000
29111101,2,5,1409640750
29111101,3,3,1408458250
29111101,4,6,830053250
29111101,5,7,289751000
29115201,1,5,1407641500
29115201,2,6,829104750
29115201,3,7,289350250
29115201,4,9,0
29115201,5,10,0
29117601,1,3,1407347500
29117601,2,6,829234250
29117601,3,7,289530500
29117601,4,9,0
29117601,5,10,0
29200901,1,5,1409516000
29200901,2,6,829967750
29200901,3,7,289738500
29200901,4,9,0
29200901,5,10,0
29201901,1,5,1409640750
29201901,2,3,1408457750
29201901,3,6,830031500
29201901,4,7,289751000
29201901,5,9,0
29202001,1,1,450181267400
29202001,2,2,27338978250
29202001,3,5,1409640750
29202001,4,3,1408458250
29202001,5,6,830053250
29202101,1,3,1408431000
29202101,2,6,830023000
29202101,3,7,289720750
29202101,4,9,0
29202101,5,10,0
29223610,1,3,1405270000
29223610,2,6,828274500
29223610,3,7,289084500
29223610,4,9,0
29223610,5,10,0
29300401,1,3,1408147250
29300401,2,6,829755500
29300401,3,7,289643250
29300401,4,9,0
29300401,5,10,0
29301101,1,2,27338978250
29301101,2,5,1409640750
29301101,3,3,1408458250
29301101,4,6,830034750
29301101,5,7,289751000
29301201,1,1,450200568500
29301201,2,2,27338978250
29301201,3,5,1409640750
29301201,4,3,1408458250
29301201,5,6,830053250
29301520,1,2,27338974750
29301520,2,6,829230000
29301520,3,7,289304750
29301520,4,9,0
29301520,5,10,0
29302290,1,2,27338978250
29302290,2,3,1402312000
29302290,3,6,829046750
29302290,4,7,289431250
29302290,5,9,0
29305410,1,3,1407469250
29305410,2,6,829175500
29305410,3,7,289549750
29305410,4,9,0
29305410,5,10,0
29355301,1,3,1405001000
29355301,2,6,829355250
29355301,3,7,289539500
29355301,4,9,0
29355301,5,10,0
29400310,1,2,27338975750
29400310,2,5,1409463500
29400310,3,7,289683750
29400310,4,9,0
29400310,5,10,0
29400410,1,2,27338773250
29400410,2,6,829385500
29400410,3,7,289464250
29400410,4,9,0
29400410,5,10,0
29401301,1,3,1408443750
29401301,2,6,830042000
29401301,3,7,289745000
29401301,4,9,0
29401301,5,10,0
29402001,1,3,1407724500
29402001,2,6,829153250
29402001,3,7,289452250
29402001,4,9,0
29402001,5,10,0
29402650,1,3,1408160000
29402650,2,6,829868250
29402650,3,7,289642500
29402650,4,9,0
29402650,5,10,0
29403010,1,2,27338978000
29403010,2,6,829411750
29403010,3,7,289484250
29403010,4,9,0
29403010,5,10,0
29406710,1,2,27338978250
29406710,2,3,1407891500
29406710,3,6,829737500
29406710,4,7,289646250
29406710,5,9,0
29407401,1,5,1409637500
29407401,2,3,1408458250
29407401,3,6,830023750
29407401,4,7,289750000
29407401,5,9,0
29410750,1,5,1409289750
29410750,2,3,1408171750
29410750,3,7,289663750
29410750,4,9,0
29410750,5,10,0
29411401,1,2,27338824750
29411401,2,6,829814750
29411401,3,7,289690250
29411401,4,9,0
29411401,5,10,0
29500120,1,3,1405717000
29500120,2,6,828136500
29500120,3,7,289035750
29500120,4,9,0
29500120,5,10,0
29500410,1,2,27338965750
29500410,2,3,1408382750
29500410,3,7,289711000
29500410,4,9,0
29500410,5,10,0
29501001,1,2,27338978250
29501001,2,3,1408026750
29501001,3,6,829747000
29501001,4,7,289626750
29501001,5,9,0
29501310,1,2,27338978000
29501310,2,6,829891250
29501310,3,7,289656250
29501310,4,9,0
29501310,5,10,0
29501901,1,1,450200904300
29501901,2,2,27338977250
29501901,3,5,1409640750
29501901,4,3,1408458250
29501901,5,6,830053250
29502901,1,2,27335478750
29502901,2,6,826798000
29502901,3,7,288601000
29502901,4,9,0
29502901,5,10,0
29503101,1,1,450200383200
29503101,2,2,27338978250
29503101,3,5,1409640750
29503101,4,3,1408458250
29503101,5,6,830053250
29503401,1,2,27338978250
29503401,2,5,1409640750
29503401,3,3,1408458250
29503401,4,6,830050500
29503401,5,7,289748250
29503801,1,2,27338978250
29503801,2,3,1408458250
29503801,3,6,830047250
29503801,4,7,289749500
29503801,5,9,0
29504801,1,2,27338880500
29504801,2,6,829681500
29504801,3,7,289574000
29504801,4,9,0
29504801,5,10,0
29512201,1,2,27338978250
29512201,2,5,1409370750
29512201,3,6,830010250
29512201,4,7,289751000
29512201,5,9,0
29601101,1,3,1407891500
29601101,2,6,829893000
29601101,3,7,289685000
29601101,4,9,0
29601101,5,10,0
29601301,1,3,1407935250
29601301,2,6,829745000
29601301,3,7,289608500
29601301,4,9,0
29601301,5,10,0
29602101,1,2,27336523500
29602101,2,5,1409640750
29602101,3,3,1408458250
29602101,4,6,830053250
29602101,5,7,289751000
29602801,1,3,1407261250
29602801,2,6,829762750
29602801,3,7,289673000
29602801,4,9,0
29602801,5,10,0
29603001,1,2,27326340250
29603001,2,5,1409624750
29603001,3,3,1408458250
29603001,4,6,830053250
29603001,5,7,289751000
29603201,1,2,27302869000
29603201,2,5,1409640750
29603201,3,3,1408458250
29603201,4,6,830053250
29603201,5,7,289751000
29603701,1,5,1409339000
29603701,2,3,1408288250
29603701,3,7,289539250
29603701,4,9,0
29603701,5,10,0
29604110,1,2,27338978250
29604110,2,5,1409496250
29604110,3,6,829920750
29604110,4,7,289664500
29604110,5,9,0
29604301,1,3,1408455750
29604301,2,6,830007750
29604301,3,7,289750250
29604301,4,9,0
29604301,5,10,0
29604501,1,3,1406554500
29604501,2,6,829633250
29604501,3,7,289596750
29604501,4,9,0
29604501,5,10,0
29605301,1,2,27338978250
29605301,2,5,1409207250
29605301,3,6,829818500
29605301,4,7,289743250
29605301,5,9,0
29605601,1,5,1409558750
29605601,2,6,829985250
29605601,3,7,289700000
29605601,4,9,0
29605601,5,10,0
29606201,1,1,450200482100
29606201,2,2,27338978250
29606201,3,5,1409640750
29606201,4,3,1408458250
29606201,5,6,830053250
29606701,1,2,27334717750
29606701,2,5,1409640750
29606701,3,3,1408458250
29606701,4,6,830053250
29606701,5,7,289751000
29607301,1,2,27338977750
29607301,2,5,1409595250
29607301,3,7,289739500
29607301,4,9,0
29607301,5,10,0
29607701,1,3,1407755500
29607701,2,6,829907500
29607701,3,7,289696500
29607701,4,9,0
29607701,5,10,0
29607801,1,1,450187978800
29607801,2,5,1409640750
29607801,3,3,1408458250
29607801,4,6,830053250
29607801,5,7,289751000
29608101,1,2,27338931750
29608101,2,5,1409640750
29608101,3,3,1408458250
29608101,4,6,830052000
29608101,5,7,289751000
29609110,1,2,27338862750
29609110,2,6,828524000
29609110,3,7,289346250
29609110,4,9,0
29609110,5,10,0
29609820,1,2,27336432250
29609820,2,5,1409640750
29609820,3,3,1408458250
29609820,4,6,830053250
29609820,5,7,289751000
29616100,1,3,1408217000
29616100,2,6,829897500
29616100,3,7,289740750
29616100,4,9,0
29616100,5,10,0
29616601,1,5,1409401750
29616601,2,3,1408262250
29616601,3,6,830000500
29616601,4,7,289751000
29616601,5,9,0
29618201,1,3,1407758250
29618201,2,6,829434500
29618201,3,7,289453250
29618201,4,9,0
29618201,5,10,0
29618501,1,3,1405043000
29618501,2,6,827699250
29618501,3,7,288807750
29618501,4,9,0
29618501,5,10,0
29624501,1,3,1408026250
29624501,2,6,829602500
29624501,3,7,289649250
29624501,4,9,0
29624501,5,10,0
29627001,1,2,27338951750
29627001,2,6,829651750
29627001,3,7,289617000
29627001,4,9,0
29627001,5,10,0
29638901,1,3,1405189750
29638901,2,6,827710750
29638901,3,7,288988750
29638901,4,9,0
29638901,5,10,0
29645301,1,3,1408387250
29645301,2,6,829985250
29645301,3,7,289739000
29645301,4,9,0
29645301,5,10,0
29701260,1,3,1406563000
29701260,2,6,829149500
29701260,3,7,289528500
29701260,4,9,0
29701260,5,10,0
29702050,1,2,27338976750
29702050,2,6,829008250
29702050,3,7,288999000
29702050,4,9,0
29702050,5,10,0
29702601,1,3,1407230250
29702601,2,6,829390750
29702601,3,7,289447000
29702601,4,9,0
29702601,5,10,0
29705501,1,3,1407892250
29705501,2,6,829385250
29705501,3,7,289651250
29705501,4,9,0
29705501,5,10,0
29710501,1,3,1408341750
29710501,2,6,829962250
29710501,3,7,289698750
29710501,4,9,0
29710501,5,10,0
29715701,1,5,1409636750
29715701,2,3,1408458250
29715701,3,6,830043750
29715701,4,7,289751000
29715701,5,9,0
29801050,1,3,1406813000
29801050,2,6,828516000
29801050,3,7,289393500
29801050,4,9,0
29801050,5,10,0
29801220,1,5,1407153750
29801220,2,6,827708500
29801220,3,7,289180250
29801220,4,9,0
29801220,5,10,0
29802501,1,2,27338978250
29802501,2,3,1406873250
29802501,3,6,828614750
29802501,4,7,289267000
29802501,5,9,0
29803101,1,3,1408056750
29803101,2,6,829586750
29803101,3,7,289482000
29803101,4,9,0
29803101,5,10,0
29803201,1,3,1407467250
29803201,2,6,829278750
29803201,3,7,289498000
29803201,4,9,0
29803201,5,10,0
29803301,1,3,1408175750
29803301,2,6,829822500
29803301,3,7,289606250
29803301,4,9,0
29803301,5,10,0
29803901,1,5,1409636500
29803901,2,3,1408452750
29803901,3,7,289750500
29803901,4,9,0
29803901,5,10,0
29804001,1,1,450189938100
29804001,2,2,27338978250
29804001,3,5,1409640750
29804001,4,3,1408458250
29804001,5,6,830053250
29804560,1,5,1409490750
29804560,2,3,1408415500
29804560,3,6,829903250
29804560,4,7,289663000
29804560,5,9,0
29804601,1,1,450200902300
29804601,2,2,27338978250
29804601,3,5,1409640750
29804601,4,3,1408458250
29804601,5,6,830053250
29804801,1,3,1408159250
29804801,2,6,829692250
29804801,3,7,289614750
29804801,4,9,0
29804801,5,10,0
29805001,1,5,1409639750
29805001,2,3,1408457250
29805001,3,6,830053250
29805001,4,7,289751000
29805001,5,9,0
29805401,1,3,1407939500
29805401,2,6,829706250
29805401,3,7,289520500
29805401,4,9,0
29805401,5,10,0
29805501,1,5,1409639250
29805501,2,3,1408455750
29805501,3,6,830052750
29805501,4,7,289751000
29805501,5,9,0
29806230,1,2,27338959250
29806230,2,3,1406126000
29806230,3,7,288631000
29806230,4,9,0
29806230,5,10,0
29806401,1,3,1408435500
29806401,2,6,830020750
29806401,3,7,289736500
29806401,4,9,0
29806401,5,10,0
29806601,1,1,450182978200
29806601,2,2,27338978250
29806601,3,5,1409640750
29806601,4,3,1408458250
29806601,5,6,830053250
29806701,1,2,27334668250
29806701,2,5,1409640750
29806701,3,3,1408458250
29806701,4,6,830053250
29806701,5,7,289751000
29806801,1,5,1409548250
29806801,2,6,830012000
29806801,3,7,289707250
29806801,4,9,0
29806801,5,10,0
29807601,1,2,27338978250
29807601,2,3,1407831250
29807601,3,6,829729000
29807601,4,7,289530250
29807601,5,9,0
29811010,1,5,1409629750
29811010,2,3,1408435000
29811010,3,7,289745750
29811010,4,9,0
29811010,5,10,0
29811601,1,5,1409474000
29811601,2,6,829957250
29811601,3,7,289746750
29811601,4,9,0
29811601,5,10,0
29815201,1,5,1409638750
29815201,2,3,1408458250
29815201,3,6,830043250
29815201,4,7,289750000
29815201,5,9,0
29815601,1,3,1408283250
29815601,2,6,829452000
29815601,3,7,289658250
29815601,4,9,0
29815601,5,10,0
29818001,1,3,1408146250
29818001,2,6,829807750
29818001,3,7,289658000
29818001,4,9,0
29818001,5,10,0
29819501,1,3,1407766000
29819501,2,6,829474250
29819501,3,7,289488000
29819501,4,9,0
29819501,5,10,0
29828201,1,2,27338914000
29828201,2,6,827713250
29828201,3,7,289236000
29828201,4,9,0
29828201,5,10,0
29854301,1,5,1409042750
29854301,2,3,1408134000
29854301,3,7,289656750
29854301,4,9,0
29854301,5,10,0
29856200,1,3,1408362000
29856200,2,6,829929000
29856200,3,7,289715750
29856200,4,9,0
29856200,5,10,0
29856401,1,3,1407548250
29856401,2,6,829357500
29856401,3,7,289434500
29856401,4,9,0
29856401,5,10,0
29858001,1,5,1408982250
29858001,2,6,829792500
29858001,3,7,289668250
29858001,4,9,0
29858001,5,10,0
29900501,1,2,27338972000
29900501,2,6,829625250
29900501,3,7,289511000
29900501,4,9,0
29900501,5,10,0
29902601,1,5,1409394000
29902601,2,6,829990750
29902601,3,7,289739500
29902601,4,9,0
29902601,5,10,0
29904301,1,3,1407512750
29904301,2,6,828906750
29904301,3,7,289345000
29904301,4,9,0
29904301,5,10,0
29904601,1,3,1407938000
29904601,2,6,829334500
29904601,3,7,289403500
29904601,4,9,0
29904601,5,10,0
29904901,1,5,1409277000
29904901,2,3,1408190250
29904901,3,7,289444500
29904901,4,9,0
29904901,5,10,0
29905201,1,3,1408337750
29905201,2,6,829858750
29905201,3,7,289691750
29905201,4,9,0
29905201,5,10,0
29905801,1,3,1408216250
29905801,2,6,829839750
29905801,3,7,289731000
29905801,4,9,0
29905801,5,10,0
29907201,1,2,27338973750
29907201,2,5,1409640750
29907201,3,3,1408458250
29907201,4,6,830052750
29907201,5,7,289751000
29907301,1,3,1408319250
29907301,2,6,829863250
29907301,3,7,289685750
29907301,4,9,0
29907301,5,10,0
29907601,1,5,1407725500
29907601,2,6,829438750
29907601,3,7,289519750
29907601,4,9,0
29907601,5,10,0
29908101,1,2,27338971250
29908101,2,5,1409640750
29908101,3,3,1408458250
29908101,4,6,830053250
29908101,5,7,289751000
29908201,1,3,1408435250
29908201,2,6,830041000
29908201,3,7,289740000
29908201,4,9,0
29908201,5,10,0
29908501,1,3,1408454000
29908501,2,6,829979000
29908501,3,7,289708500
29908501,4,9,0
29908501,5,10,0
29909001,1,2,27321491000
29909001,2,5,1409639750
29909001,3,3,1408458250
29909001,4,6,830053250
29909001,5,7,289751000
29909101,1,2,27338977750
29909101,2,5,1409640750
29909101,3,3,1408458250
29909101,4,6,830053250
29909101,5,7,289751000
29909201,1,5,1409624750
29909201,2,3,1408435750
29909201,3,6,830052250
29909201,4,7,289751000
29909201,5,9,0
29909301,1,5,1409628750
29909301,2,3,1408448500
29909301,3,6,830039250
29909301,4,9,0
29909301,5,10,0
29909401,1,2,27338593500
29909401,2,5,1409640750
29909401,3,3,1408458250
29909401,4,6,830045250
29909401,5,7,289751000
29909601,1,2,27338637250
29909601,2,5,1409640750
29909601,3,3,1408458250
29909601,4,6,830053250
29909601,5,7,289751000
29909701,1,5,1409317000
29909701,2,6,829938500
29909701,3,7,289647750
29909701,4,9,0
29909701,5,10,0
29909801,1,2,27338815250
29909801,2,5,1409640750
29909801,3,3,1408458250
29909801,4,6,830053250
29909801,5,7,289751000
29909901,1,1,450200905300
29909901,2,2,27338978250
29909901,3,5,1409640750
29909901,4,3,1408458250
29909901,5,6,830053250
29910601,1,2,27338938750
29910601,2,5,1409638250
29910601,3,3,1408456250
29910601,4,9,0
29910601,5,10,0
29911101,1,3,1408017250
29911101,2,6,829958000
29911101,3,7,289710500
29911101,4,9,0
29911101,5,10,0
29911610,1,5,1409276000
29911610,2,3,1408109500
29911610,3,7,289677500
29911610,4,9,0
29911610,5,10,0
29915750,1,2,27338649250
29915750,2,6,829771250
29915750,3,7,289675000
29915750,4,9,0
29915750,5,10,0
29919901,1,5,1409615250
29919901,2,3,1408434000
29919901,3,7,289745500
29919901,4,9,0
29919901,5,10,0
29925401,1,5,1409635250
29925401,2,3,1408455750
29925401,3,6,830051750
29925401,4,7,289751000
29925401,5,9,0
29956401,1,5,1409596500
29956401,2,6,830046750
29956401,3,7,289749500
29956401,4,9,0
29956401,5,10,0
29977901,1,1,450179478800
29977901,2,5,1409640750
29977901,3,3,1408458250
29977901,4,6,830051250
29977901,5,7,289751000
40100601,1,3,1408043000
40100601,2,6,829887750
40100601,3,7,289704750
40100601,4,9,0
40100601,5,10,0
40101601,1,5,1407952750
40101601,2,6,829186250
40101601,3,7,289496750
40101601,4,9,0
40101601,5,10,0
40102001,1,3,1405306000
40102001,2,6,827348750
40102001,3,7,288959250
40102001,4,9,0
40102001,5,10,0
40102401,1,3,1408273750
40102401,2,6,829953750
40102401,3,7,289706000
40102401,4,9,0
40102401,5,10,0
40102601,1,3,1404207000
40102601,2,6,826845250
40102601,3,7,288333000
40102601,4,9,0
40102601,5,10,0
40105501,1,5,1409358250
40105501,2,3,1407952250
40105501,3,7,289634000
40105501,4,9,0
40105501,5,10,0
40105901,1,5,1409596750
40105901,2,3,1408426000
40105901,3,7,289744000
40105901,4,9,0
40105901,5,10,0
40106201,1,5,1409632750
40106201,2,3,1408458250
40106201,3,6,830025250
40106201,4,7,289741000
40106201,5,9,0
40106401,1,2,27338952750
40106401,2,5,1409640750
40106401,3,6,830045250
40106401,4,7,289751000
40106401,5,9,0
40106701,1,3,1405811500
40106701,2,6,827739250
40106701,3,7,288918750
40106701,4,9,0
40106701,5,10,0
40107901,1,2,27338977750
40107901,2,5,1409640750
40107901,3,3,1408458250
40107901,4,6,830053250
40107901,5,7,289751000
40109101,1,2,27338978250
40109101,2,3,1408415250
40109101,3,6,830053250
40109101,4,7,289750000
40109101,5,9,0
40109201,1,3,1407974000
40109201,2,6,829457500
40109201,3,7,289624750
40109201,4,9,0
40109201,5,10,0
40110201,1,3,1408261000
40110201,2,6,829820000
40110201,3,7,289664000
40110201,4,9,0
40110201,5,10,0
40110401,1,2,27338977750
40110401,2,5,1409569250
40110401,3,7,289684250
40110401,4,9,0
40110401,5,10,0
40112001,1,5,1408386500
40112001,2,6,829341250
40112001,3,7,289442500
40112001,4,9,0
40112001,5,10,0
40112101,1,5,1408860250
40112101,2,6,829573000
40112101,3,7,289579000
40112101,4,9,0
40112101,5,10,0
40112201,1,5,1408847000
40112201,2,3,1407449750
40112201,3,7,289572000
40112201,4,9,0
40112201,5,10,0
40112301,1,5,1408205250
40112301,2,3,1407291750
40112301,3,7,289468500
40112301,4,9,0
40112301,5,10,0
40113601,1,3,1408409250
40113601,2,6,829992000
40113601,3,7,289686250
40113601,4,9,0
40113601,5,10,0
40113801,1,1,450147037650
40113801,2,2,27338978250
40113801,3,5,1409640750
40113801,4,3,1408458250
40113801,5,6,830053250
40114201,1,5,1409628750
40114201,2,3,1408445750
40114201,3,7,289743250
40114201,4,9,0
40114201,5,10,0
40114301,1,3,1408219000
40114301,2,6,829950000
40114301,3,7,289701250
40114301,4,9,0
40114301,5,10,0
40116101,1,3,1407837750
40116101,2,6,829580500
40116101,3,7,289524750
40116101,4,9,0
40116101,5,10,0
40116201,1,3,1408372250
40116201,2,6,829934000
40116201,3,7,289706500
40116201,4,9,0
40116201,5,10,0
40117101,1,2,27338665750
40117101,2,5,1409640750
40117101,3,3,1408458250
40117101,4,6,830053250
40117101,5,7,289751000
40117201,1,2,27338968250
40117201,2,5,1409640750
40117201,3,3,1408458250
40117201,4,6,830053250
40117201,5,7,289751000
40117901,1,1,450200904300
40117901,2,2,27338978250
40117901,3,5,1409640750
40117901,4,3,1408458250
40117901,5,6,830053250
40118001,1,1,450200900300
40118001,2,2,27338978250
40118001,3,5,1409640750
40118001,4,3,1408458250
40118001,5,6,830053250
40123250,1,3,1405683250
40123250,2,6,828287000
40123250,3,7,288990750
40123250,4,9,0
40123250,5,10,0
40124301,1,5,1409407250
40124301,2,3,1408294500
40124301,3,7,289646000
40124301,4,9,0
40124301,5,10,0
40127601,1,1,449814056000
40127601,2,2,27338978250
40127601,3,5,1409640750
40127601,4,3,1408458250
40127601,5,6,830053250
40129801,1,3,1404248000
40129801,2,6,827259000
40129801,3,7,288897250
40129801,4,9,0
40129801,5,10,0
40132960,1,2,27334085750
40132960,2,6,825593000
40132960,3,7,289366500
40132960,4,9,0
40132960,5,10,0
40136401,1,5,1409418750
40136401,2,6,829939250
40136401,3,7,289595750
40136401,4,9,0
40136401,5,10,0
40137430,1,3,1408290750
40137430,2,6,829711000
40137430,3,7,289421000
40137430,4,9,0
40137430,5,10,0
40145301,1,3,1407326750
40145301,2,6,829126250
40145301,3,7,289651000
40145301,4,9,0
40145301,5,10,0
40146700,1,3,1407621750
40146700,2,6,829513500
40146700,3,7,289743500
40146700,4,9,0
40146700,5,10,0
40154301,1,3,1407422250
40154301,2,6,829793500
40154301,3,7,289649750
40154301,4,9,0
40154301,5,10,0
40155301,1,5,1409586250
40155301,2,3,1408422250
40155301,3,7,289748000
40155301,4,9,0
40155301,5,10,0
40158901,1,5,1409305750
40158901,2,6,829838500
40158901,3,7,289678000
40158901,4,9,0
40158901,5,10,0
40170601,1,5,1409538250
40170601,2,6,829943750
40170601,3,7,289718750
40170601,4,9,0
40170601,5,10,0
40188301,1,2,27334072750
40188301,2,5,1409640750
40188301,3,3,1408458250
40188301,4,6,830042750
40188301,5,7,289751000
40188401,1,5,1409307000
40188401,2,6,829816750
40188401,3,7,289669000
40188401,4,9,0
40188401,5,10,0
40188501,1,3,1408284250
40188501,2,6,829980500
40188501,3,7,289729000
40188501,4,9,0
40188501,5,10,0
40188601,1,3,1408152750
40188601,2,6,830018000
40188601,3,7,289740000
40188601,4,9,0
40188601,5,10,0
40188701,1,2,27338723250
40188701,2,5,1409640750
40188701,3,3,1408458250
40188701,4,6,830053250
40188701,5,7,289751000
40188801,1,5,1409431500
40188801,2,6,829979000
40188801,3,7,289695000
40188801,4,9,0
40188801,5,10,0
40188901,1,5,1408792000
40188901,2,3,1407607250
40188901,3,7,289531500
40188901,4,9,0
40188901,5,10,0
40189001,1,5,1408194250
40189001,2,3,1407448250
40189001,3,7,288993750
40189001,4,9,0
40189001,5,10,0
40189101,1,1,450200903300
40189101,2,2,27338978250
40189101,3,5,1409640750
40189101,4,3,1408458250
40189101,5,6,830053250
40189201,1,3,1408277000
40189201,2,6,830004750
40189201,3,7,289736750
40189201,4,9,0
40189201,5,10,0
40189301,1,5,1409356750
40189301,2,3,1408370750
40189301,3,6,830026250
40189301,4,7,289751000
40189301,5,9,0
40203801,1,5,1408900500
40203801,2,6,829331500
40203801,3,7,289620500
40203801,4,9,0
40203801,5,10,0
40300590,1,2,27338978250
40300590,2,5,1408862250
40300590,3,6,829724250
40300590,4,7,289576250
40300590,5,9,0
40401300,1,5,1407561250
40401300,2,6,828792250
40401300,3,7,289185000
40401300,4,9,0
40401300,5,10,0
40811001,1,3,1407076000
40811001,2,6,829453750
40811001,3,7,289480000
40811001,4,9,0
40811001,5,10,0
40814600,1,2,27336141000
40814600,2,5,1409640750
40814600,3,3,1408432500
40814600,4,6,830053250
40814600,5,7,289751000
40900030,1,2,27338894250
40900030,2,6,829756000
40900030,3,7,289676750
40900030,4,9,0
40900030,5,10,0
41100760,1,2,27338978250
41100760,2,5,1405758000
41100760,3,6,827469250
41100760,4,7,288781500
41100760,5,9,0
41101630,1,2,27338978250
41101630,2,3,1402919000
41101630,3,6,826357750
41101630,4,7,288246500
41101630,5,9,0
41102001,1,2,27338313500
41102001,2,6,822411750
41102001,3,7,287211500
41102001,4,9,0
41102001,5,10,0
41102301,1,3,1408360000
41102301,2,6,830019250
41102301,3,7,289678750
41102301,4,9,0
41102301,5,10,0
41103530,1,2,27338978250
41103530,2,3,1406076250
41103530,3,6,827908500
41103530,4,7,289038000
41103530,5,9,0
41103701,1,3,1402663750
41103701,2,6,825369000
41103701,3,7,288343000
41103701,4,9,0
41103701,5,10,0
41118901,1,2,27338978250
41118901,2,3,1407395000
41118901,3,6,829169250
41118901,4,7,289392500
41118901,5,9,0
41200230,1,5,1407851000
41200230,2,6,828699000
41200230,3,7,289347750
41200230,4,9,0
41200230,5,10,0
41200501,1,5,1409583000
41200501,2,3,1408434500
41200501,3,6,830008250
41200501,4,7,289751000
41200501,5,9,0
41200701,1,5,1409542750
41200701,2,6,829965500
41200701,3,7,289707000
41200701,4,9,0
41200701,5,10,0
41200850,1,2,27338978250
41200850,2,5,1409238500
41200850,3,6,829881750
41200850,4,7,289694000
41200850,5,9,0
41201101,1,2,27338862250
41201101,2,6,829308250
41201101,3,7,289579250
41201101,4,9,0
41201101,5,10,0
41226501,1,2,27338951750
41226501,2,3,1408404500
41226501,3,7,289738500
41226501,4,9,0
41226501,5,10,0
41300430,1,2,27338514750
41300430,2,6,828650500
41300430,3,7,289224000
41300430,4,9,0
41300430,5,10,0
41500601,1,2,27338978250
41500601,2,3,1408238500
41500601,3,6,830029750
41500601,4,7,289743000
41500601,5,9,0
41500701,1,3,1408084750
41500701,2,6,829628750
41500701,3,7,289549750
41500701,4,9,0
41500701,5,10,0
41501300,1,3,1402717000
41501300,2,6,824802000
41501300,3,7,287959000
41501300,4,9,0
41501300,5,10,0
41502601,1,2,27338978250
41502601,2,5,1406132500
41502601,3,6,827924000
41502601,4,7,288818000
41502601,5,9,0
41503960,1,5,1406541750
41503960,2,6,829039250
41503960,3,7,289386500
41503960,4,9,0
41503960,5,10,0
41505701,1,2,27338885500
41505701,2,6,828951250
41505701,3,7,289359250
41505701,4,9,0
41505701,5,10,0
41505801,1,2,27338872250
41505801,2,6,829129750
41505801,3,7,289361500
41505801,4,9,0
41505801,5,10,0
41506601,1,5,1409505250
41506601,2,6,829884000
41506601,3,7,289686750
41506601,4,9,0
41506601,5,10,0
41515701,1,3,1406157000
41515701,2,6,828363250
41515701,3,7,288981250
41515701,4,9,0
41515701,5,10,0
41700490,1,2,27338296750
41700490,2,6,828782500
41700490,3,7,289446500
41700490,4,9,0
41700490,5,10,0
41900910,1,2,27338978250
41900910,2,5,1409173250
41900910,3,6,829662750
41900910,4,7,289644250
41900910,5,9,0
41901201,1,2,27338963500
41901201,2,5,1409640750
41901201,3,3,1408458250
41901201,4,6,830053250
41901201,5,7,289751000
41906001,1,2,27338975250
41906001,2,6,829819750
41906001,3,7,289694000
41906001,4,9,0
41906001,5,10,0
41918001,1,3,1406550750
41918001,2,6,829192000
41918001,3,7,289570500
41918001,4,9,0
41918001,5,10,0
41955301,1,5,1406849750
41955301,2,6,828258250
41955301,3,7,289192000
41955301,4,9,0
41955301,5,10,0
42101410,1,3,1407235750
42101410,2,6,829091000
42101410,3,7,289234750
42101410,4,9,0
42101410,5,10,0
42102201,1,5,1406657500
42102201,2,6,827616500
42102201,3,7,288787500
42102201,4,9,0
42102201,5,10,0
42102510,1,2,27338976750
42102510,2,6,828183250
42102510,3,7,289161750
42102510,4,9,0
42102510,5,10,0
42102601,1,5,1409500750
42102601,2,6,829945000
42102601,3,7,289733750
42102601,4,9,0
42102601,5,10,0
42102701,1,5,1409624250
42102701,2,6,830025500
42102701,3,7,289740000
42102701,4,9,0
42102701,5,10,0
42102901,1,2,27338978250
42102901,2,5,1409621250
42102901,3,6,830029000
42102901,4,7,289750500
42102901,5,9,0
42103101,1,2,27338978250
42103101,2,5,1409634250
42103101,3,3,1408446250
42103101,4,7,289744500
42103101,5,9,0
42103301,1,2,27338970750
42103301,2,6,829674750
42103301,3,7,289662500
42103301,4,9,0
42103301,5,10,0
42104301,1,2,27338978250
42104301,2,5,1409640000
42104301,3,3,1408457750
42104301,4,6,830053250
42104301,5,7,289751000
42104501,1,5,1409640000
42104501,2,3,1408458250
42104501,3,6,830050500
42104501,4,7,289751000
42104501,5,9,0
42105301,1,1,450200904800
42105301,2,2,27338978250
42105301,3,5,1409640750
42105301,4,3,1408458250
42105301,5,6,830053250
42106101,1,3,1406569500
42106101,2,6,828044750
42106101,3,7,289138750
42106101,4,9,0
42106101,5,10,0
42106901,1,3,1407353250
42106901,2,6,828985750
42106901,3,7,289176250
42106901,4,9,0
42106901,5,10,0
42108150,1,3,1407443250
42108150,2,6,829291250
42108150,3,7,289500500
42108150,4,9,0
42108150,5,10,0
42108350,1,3,1408115250
42108350,2,6,829776500
42108350,3,7,289726500
42108350,4,9,0
42108350,5,10,0
42115600,1,2,27338978250
42115600,2,5,1409352000
42115600,3,6,829817250
42115600,4,7,289705000
42115600,5,9,0
42117001,1,3,1407416250
42117001,2,6,829332250
42117001,3,7,289509250
42117001,4,9,0
42117001,5,10,0
42118901,1,2,27338978000
42118901,2,5,1409636750
42118901,3,3,1408458250
42118901,4,7,289749000
42118901,5,9,0
42125401,1,5,1408835000
42125401,2,3,1407755750
42125401,3,7,289575750
42125401,4,9,0
42125401,5,10,0
42126701,1,5,1409611750
42126701,2,6,829995250
42126701,3,7,289729750
42126701,4,9,0
42126701,5,10,0
42127601,1,3,1406832750
42127601,2,6,829129000
42127601,3,7,289272250
42127601,4,9,0
42127601,5,10,0
42127801,1,5,1409451000
42127801,2,6,829539000
42127801,3,7,289662250
42127801,4,9,0
42127801,5,10,0
42145401,1,2,27338963750
42145401,2,3,1408450000
42145401,3,7,289732750
42145401,4,9,0
42145401,5,10,0
42145501,1,5,1409501250
42145501,2,6,829995500
42145501,3,7,289697250
42145501,4,9,0
42145501,5,10,0
42202010,1,2,27338978250
42202010,2,5,1409581250
42202010,3,3,1408436750
42202010,4,6,830053250
42202010,5,7,289751000
42202201,1,2,27338930000
42202201,2,3,1408326250
42202201,3,7,289743250
42202201,4,9,0
42202201,5,10,0
42204360,1,5,1407633500
42204360,2,6,829262000
42204360,3,7,289436250
42204360,4,9,0
42204360,5,10,0
42204501,1,2,27338975250
42204501,2,6,825164000
42204501,3,7,287667500
42204501,4,9,0
42204501,5,10,0
42208001,1,5,1409053500
42208001,2,3,1407514000
42208001,3,6,829639750
42208001,4,7,289751000
42208001,5,9,0
42300310,1,2,27338666000
42300310,2,6,826327750
42300310,3,7,288590000
42300310,4,9,0
42300310,5,10,0
42400301,1,5,1409558250
42400301,2,3,1408308750
42400301,3,6,829907750
42400301,4,7,289751000
42400301,5,9,0
42400601,1,2,27338956250
42400601,2,6,829879000
42400601,3,7,289725250
42400601,4,9,0
42400601,5,10,0
42478201,1,3,1406817500
42478201,2,6,828753750
42478201,3,7,289197250
42478201,4,9,0
42478201,5,10,0
42500501,1,2,27338901250
42500501,2,6,829354000
42500501,3,7,289577750
42500501,4,9,0
42500501,5,10,0
42500701,1,2,27338977000
42500701,2,3,1408457250
42500701,3,6,830053250
42500701,4,7,289751000
42500701,5,9,0
42500930,1,2,27338978250
42500930,2,5,1407842000
42500930,3,6,829479500
42500930,4,7,289564500
42500930,5,9,0
42501130,1,3,1396974000
42501130,2,6,821915500
42501130,3,7,287423500
42501130,4,9,0
42501130,5,10,0
42508001,1,2,27338978250
42508001,2,3,1405965750
42508001,3,6,828728000
42508001,4,7,289363000
42508001,5,9,0
42700501,1,2,27338978250
42700501,2,5,1409224750
42700501,3,3,1408057250
42700501,4,7,289663000
42700501,5,9,0
42800320,1,2,27338978250
42800320,2,5,1403979000
42800320,3,6,826255500
42800320,4,7,288387750
42800320,5,9,0
42800430,1,2,27338975750
42800430,2,6,829108500
42800430,3,7,289417250
42800430,4,9,0
42800430,5,10,0
42802730,1,2,27338791500
42802730,2,6,827846750
42802730,3,7,288971750
42802730,4,9,0
42802730,5,10,0
42803230,1,2,27338969750
42803230,2,6,829922000
42803230,3,7,289681250
42803230,4,9,0
42803230,5,10,0
42803330,1,2,27338978250
42803330,2,5,1405652250
42803330,3,6,827275750
42803330,4,7,288605500
42803330,5,9,0
42845301,1,2,27338973750
42845301,2,3,1405882500
42845301,3,7,288473500
42845301,4,9,0
42845301,5,10,0
42900401,1,2,27338977500
42900401,2,5,1409495250
42900401,3,7,289704750
42900401,4,9,0
42900401,5,10,0
42900610,1,2,27338978250
42900610,2,5,1409330000
42900610,3,6,829814750
42900610,4,7,289683750
42900610,5,9,0
42901101,1,2,27338978250
42901101,2,5,1409398000
42901101,3,6,829876500
42901101,4,7,289653000
42901101,5,9,0
42902410,1,5,1409092000
42902410,2,6,829729000
42902410,3,7,289649000
42902410,4,9,0
42902410,5,10,0
42902801,1,2,27338978250
42902801,2,5,1409615750
42902801,3,3,1408444000
42902801,4,7,289742250
42902801,5,9,0
42902950,1,5,1409250750
42902950,2,6,829846250
42902950,3,7,289642250
42902950,4,9,0
42902950,5,10,0
42903101,1,2,27338964000
42903101,2,6,829672000
42903101,3,7,289676250
42903101,4,9,0
42903101,5,10,0
42903301,1,5,1409471750
42903301,2,3,1408289000
42903301,3,7,289677500
42903301,4,9,0
42903301,5,10,0
42903450,1,5,1406818750
42903450,2,6,828359250
42903450,3,7,289110750
42903450,4,9,0
42903450,5,10,0
42903701,1,3,1408233250
42903701,2,6,829829500
42903701,3,7,289668500
42903701,4,9,0
42903701,5,10,0
42903801,1,3,1408354500
42903801,2,6,829889500
42903801,3,7,289647250
42903801,4,9,0
42903801,5,10,0
42904501,1,5,1408611250
42904501,2,6,829496250
42904501,3,7,289473750
42904501,4,9,0
42904501,5,10,0
42905601,1,2,27338970000
42905601,2,3,1408458250
42905601,3,6,830052250
42905601,4,7,289751000
42905601,5,9,0
42906101,1,2,27338977750
42906101,2,5,1409628750
42906101,3,3,1408447000
42906101,4,9,0
42906101,5,10,0
42906410,1,5,1408686500
42906410,2,6,828926000
42906410,3,7,289614500
42906410,4,9,0
42906410,5,10,0
42906901,1,2,27338978250
42906901,2,5,1409640750
42906901,3,3,1408456250
42906901,4,6,830053250
42906901,5,7,289751000
42907401,1,3,1408164000
42907401,2,6,829817750
42907401,3,7,289647250
42907401,4,9,0
42907401,5,10,0
42907601,1,5,1409639750
42907601,2,3,1408457750
42907601,3,6,830051250
42907601,4,7,289751000
42907601,5,9,0
42907701,1,2,27338972000
42907701,2,5,1409640750
42907701,3,3,1408458250
42907701,4,6,830053250
42907701,5,7,289751000
42907801,1,3,1408440500
42907801,2,6,830033500
42907801,3,7,289727000
42907801,4,9,0
42907801,5,10,0
42907901,1,1,450200905300
42907901,2,2,27338977750
42907901,3,5,1409640750
42907901,4,3,1408458250
42907901,5,6,830053250
42908301,1,5,1409640000
42908301,2,3,1408457500
42908301,3,6,830053250
42908301,4,7,289751000
42908301,5,9,0
42908401,1,1,450200904800
42908401,2,2,27338978250
42908401,3,5,1409640750
42908401,4,3,1408458250
42908401,5,6,830053250
42908610,1,3,1406414750
42908610,2,6,828531250
42908610,3,7,288959500
42908610,4,9,0
42908610,5,10,0
42910210,1,2,27338978250
42910210,2,5,1408874750
42910210,3,6,829432000
42910210,4,7,289574000
42910210,5,9,0
42911660,1,2,27338957250
42911660,2,6,828785250
42911660,3,7,289263250
42911660,4,9,0
42911660,5,10,0
42914510,1,5,1409138250
42914510,2,6,829685500
42914510,3,7,289604250
42914510,4,9,0
42914510,5,10,0
42915201,1,5,1409454000
42915201,2,3,1408364250
42915201,3,7,289707000
42915201,4,9,0
42915201,5,10,0
42917600,1,5,1409103750
42917600,2,6,829564500
42917600,3,7,289644750
42917600,4,9,0
42917600,5,10,0
42919901,1,5,1409638000
42919901,2,6,830052250
42919901,3,7,289750000
42919901,4,9,0
42919901,5,10,0
42924600,1,5,1408905250
42924600,2,6,829296000
42924600,3,7,289505750
42924600,4,9,0
42924600,5,10,0
43300201,1,5,1409602250
43300201,2,3,1408415500
43300201,3,7,289683250
43300201,4,9,0
43300201,5,10,0
43302201,1,5,1409594000
43302201,2,3,1408383000
43302201,3,6,830045250
43302201,4,7,289751000
43302201,5,9,0
43302301,1,5,1408722500
43302301,2,6,829547250
43302301,3,7,289553750
43302301,4,9,0
43302301,5,10,0
43500030,1,5,1407384750
43500030,2,6,828323250
43500030,3,7,289318250
43500030,4,9,0
43500030,5,10,0
43500201,1,5,1409386750
43500201,2,6,829901500
43500201,3,7,289645000
43500201,4,9,0
43500201,5,10,0
43500301,1,2,27338955000
43500301,2,3,1408414000
43500301,3,7,289702000
43500301,4,9,0
43500301,5,10,0
43600401,1,5,1409585000
43600401,2,3,1408458250
43600401,3,6,829503000
43600401,4,7,289734500
43600401,5,9,0
43700001,1,3,1408380000
43700001,2,6,829956250
43700001,3,7,289696250
43700001,4,9,0
43700001,5,10,0
43800001,1,2,27338978250
43800001,2,5,1409062000
43800001,3,6,829435000
43800001,4,7,289551750
43800001,5,9,0
44000130,1,2,27338978250
44000130,2,3,1405255750
44000130,3,6,826910500
44000130,4,7,288309500
44000130,5,9,0
44200010,1,5,1408981500
44200010,2,6,829669500
44200010,3,7,289609750
44200010,4,9,0
44200010,5,10,0
50100210,1,5,1405745250
50100210,2,6,829015750
50100210,3,7,289086500
50100210,4,9,0
50100210,5,10,0
50100401,1,5,1409474250
50100401,2,6,829956250
50100401,3,7,289721500
50100401,4,9,0
50100401,5,10,0
50100610,1,2,27338970250
50100610,2,5,1409303250
50100610,3,7,289739750
50100610,4,9,0
50100610,5,10,0
50100710,1,2,27338978250
50100710,2,5,1409589250
50100710,3,6,829993750
50100710,4,7,289749500
50100710,5,9,0
50101301,1,2,27338978250
50101301,2,3,1408396250
50101301,3,6,830025750
50101301,4,7,289743250
50101301,5,9,0
50101410,1,2,27338978250
50101410,2,3,1408408000
50101410,3,6,829937250
50101410,4,7,289664500
50101410,5,9,0
50101601,1,2,27338978250
50101601,2,5,1409326250
50101601,3,6,829943750
50101601,4,7,289725500
50101601,5,9,0
50102301,1,2,27338967250
50102301,2,5,1409640750
50102301,3,3,1408458250
50102301,4,6,830053250
50102301,5,7,289751000
50104101,1,5,1408282000
50104101,2,6,829090250
50104101,3,7,289557750
50104101,4,9,0
50104101,5,10,0
50104601,1,5,1409590250
50104601,2,6,830044000
50104601,3,7,289748500
50104601,4,9,0
50104601,5,10,0
50104860,1,3,1408268250
50104860,2,6,829871250
50104860,3,7,289686250
50104860,4,9,0
50104860,5,10,0
50105301,1,5,1409637250
50105301,2,3,1408452750
50105301,3,6,830042250
50105301,4,7,289751000
50105301,5,9,0
50105801,1,2,27338977250
50105801,2,6,830005750
50105801,3,7,289714250
50105801,4,9,0
50105801,5,10,0
50106360,1,3,1408078500
50106360,2,6,829984000
50106360,3,7,289672500
50106360,4,9,0
50106360,5,10,0
50106601,1,5,1409207500
50106601,2,3,1407998750
50106601,3,7,289511000
50106601,4,9,0
50106601,5,10,0
50106801,1,5,1409448750
50106801,2,6,829959000
50106801,3,7,289711000
50106801,4,9,0
50106801,5,10,0
50107101,1,3,1408386500
50107101,2,6,829942750
50107101,3,7,289741750
50107101,4,9,0
50107101,5,10,0
50107201,1,5,1409279500
50107201,2,6,829840750
50107201,3,7,289672000
50107201,4,9,0
50107201,5,10,0
50108401,1,3,1408454250
50108401,2,6,830023250
50108401,3,7,289736000
50108401,4,9,0
50108401,5,10,0
50108501,1,3,1408449500
50108501,2,6,830008500
50108501,3,7,289735500
50108501,4,9,0
50108501,5,10,0
50110001,1,5,1409640750
50110001,2,3,1408457000
50110001,3,6,830052750
50110001,4,7,289751000
50110001,5,9,0
50110101,1,5,1409508500
50110101,2,3,1408397500
50110101,3,7,289712500
50110101,4,9,0
50110101,5,10,0
50110400,1,3,1408217500
50110400,2,6,829974000
50110400,3,7,289676750
50110400,4,9,0
50110400,5,10,0
50110901,1,3,1408076000
50110901,2,6,829704500
50110901,3,7,289621500
50110901,4,9,0
50110901,5,10,0
50111101,1,5,1409566000
50111101,2,6,829996750
50111101,3,7,289749000
50111101,4,9,0
50111101,5,10,0
50111501,1,3,1407510750
50111501,2,6,828541750
50111501,3,7,289133750
50111501,4,9,0
50111501,5,10,0
50111801,1,3,1408363500
50111801,2,6,829975750
50111801,3,7,289710500
50111801,4,9,0
50111801,5,10,0
50112701,1,5,1409535500
50112701,2,6,829959500
50112701,3,7,289727500
50112701,4,9,0
50112701,5,10,0
50112801,1,5,1409632000
50112801,2,3,1408455500
50112801,3,6,830047250
50112801,4,9,0
50112801,5,10,0
50112901,1,5,1409563250
50112901,2,3,1408351750
50112901,3,7,289706250
50112901,4,9,0
50112901,5,10,0
50113460,1,5,1409572500
50113460,2,6,830015750
50113460,3,7,289746500
50113460,4,9,0
50113460,5,10,0
50113701,1,2,27338978250
50113701,2,5,1409638500
50113701,3,6,830052750
50113701,4,7,289751000
50113701,5,9,0
50113801,1,5,1409635500
50113801,2,3,1408454500
50113801,3,7,289747500
50113801,4,9,0
50113801,5,10,0
50113901,1,5,1409584750
50113901,2,3,1408452250
50113901,3,7,289723000
50113901,4,9,0
50113901,5,10,0
50114101,1,5,1409605000
50114101,2,3,1408407750
50114101,3,7,289718500
50114101,4,9,0
50114101,5,10,0
50114301,1,3,1408397750
50114301,2,6,829976750
50114301,3,7,289707500
50114301,4,9,0
50114301,5,10,0
50114501,1,3,1407803750
50114501,2,6,828998000
50114501,3,7,289368750
50114501,4,9,0
50114501,5,10,0
50114801,1,3,1408028000
50114801,2,6,829931000
50114801,3,7,289686750
50114801,4,9,0
50114801,5,10,0
50115001,1,5,1409509500
50115001,2,6,829897500
50115001,3,7,289706250
50115001,4,9,0
50115001,5,10,0
50115501,1,5,1409565500
50115501,2,6,830011500
50115501,3,7,289745750
50115501,4,9,0
50115501,5,10,0
50115901,1,5,1409607000
50115901,2,3,1408445750
50115901,3,7,289738500
50115901,4,9,0
50115901,5,10,0
50117001,1,3,1407800000
50117001,2,6,829424750
50117001,3,7,289601500
50117001,4,9,0
50117001,5,10,0
50117401,1,3,1408007500
50117401,2,6,829686500
50117401,3,7,289606000
50117401,4,9,0
50117401,5,10,0
50117601,1,2,27338961750
50117601,2,5,1409640750
50117601,3,3,1408458250
50117601,4,6,830053250
50117601,5,7,289751000
50118101,1,5,1409611000
50118101,2,3,1408452000
50118101,3,6,830010750
50118101,4,7,289751000
50118101,5,9,0
50118260,1,3,1408316250
50118260,2,6,829929250
50118260,3,7,289722250
50118260,4,9,0
50118260,5,10,0
50118901,1,2,27295474500
50118901,2,5,1409640750
50118901,3,3,1408458250
50118901,4,6,830053250
50118901,5,7,289751000
50120601,1,5,1409631000
50120601,2,3,1408452250
50120601,3,6,830031750
50120601,4,7,289751000
50120601,5,9,0
50120810,1,2,27337366000
50120810,2,6,818566250
50120810,3,7,287113250
50120810,4,9,0
50120810,5,10,0
50120901,1,3,1408428750
50120901,2,6,830000500
50120901,3,7,289727750
50120901,4,9,0
50120901,5,10,0
50121101,1,5,1409630750
50121101,2,3,1408457750
50121101,3,6,830011250
50121101,4,7,289751000
50121101,5,9,0
50121201,1,2,27338320000
50121201,2,5,1409640750
50121201,3,3,1408458250
50121201,4,6,830051750
50121201,5,7,289751000
50121350,1,3,1408078500
50121350,2,6,829924000
50121350,3,7,289735000
50121350,4,9,0
50121350,5,10,0
50124001,1,5,1409615000
50124001,2,3,1408433250
50124001,3,6,830031750
50124001,4,7,289751000
50124001,5,9,0
50124101,1,5,1409625750
50124101,2,3,1408455750
50124101,3,6,830041250
50124101,4,7,289751000
50124101,5,9,0
50125201,1,3,1408456750
50125201,2,6,830050250
50125201,3,7,289750000
50125201,4,9,0
50125201,5,10,0
50125301,1,2,27338978250
50125301,2,5,1409606750
50125301,3,6,830030250
50125301,4,7,289751000
50125301,5,9,0
50125401,1,5,1409174250
50125401,2,6,829710750
50125401,3,7,289681750
50125401,4,9,0
50125401,5,10,0
50126100,1,3,1408177500
50126100,2,6,829862250
50126100,3,7,289655250
50126100,4,9,0
50126100,5,10,0
50126601,1,2,27338976250
50126601,2,6,830045250
50126601,3,7,289750000
50126601,4,9,0
50126601,5,10,0
50126720,1,2,27338978250
50126720,2,3,1407654000
50126720,3,6,829097750
50126720,4,7,289530500
50126720,5,9,0
50126900,1,5,1409611250
50126900,2,3,1408436750
50126900,3,7,289750000
50126900,4,9,0
50126900,5,10,0
50127100,1,3,1407767000
50127100,2,6,829111250
50127100,3,7,289343250
50127100,4,9,0
50127100,5,10,0
50127201,1,2,27338977750
50127201,2,5,1409640750
50127201,3,3,1408458250
50127201,4,6,830053250
50127201,5,7,289751000
50127501,1,5,1409639750
50127501,2,3,1408458250
50127501,3,6,830047250
50127501,4,7,289751000
50127501,5,9,0
50127701,1,5,1409632750
50127701,2,3,1408442250
50127701,3,6,830046750
50127701,4,9,0
50127701,5,10,0
50128201,1,5,1409639750
50128201,2,3,1408458250
50128201,3,6,830053250
50128201,4,7,289750500
50128201,5,9,0
50128301,1,2,27338921750
50128301,2,5,1409544500
50128301,3,6,829940750
50128301,4,9,0
50128301,5,10,0
50128501,1,3,1408434000
50128501,2,6,830016000
50128501,3,7,289723750
50128501,4,9,0
50128501,5,10,0
50128990,1,2,27338978250
50128990,2,3,1407932750
50128990,3,6,829631750
50128990,4,7,289622000
50128990,5,9,0
50129501,1,2,27338978250
50129501,2,5,1409592250
50129501,3,3,1408450750
50129501,4,6,830004750
50129501,5,7,289742750
50129600,1,3,1406725250
50129600,2,6,828670500
50129600,3,7,289413750
50129600,4,9,0
50129600,5,10,0
50129820,1,3,1408210500
50129820,2,6,829685500
50129820,3,7,289609250
50129820,4,9,0
50129820,5,10,0
50129901,1,5,1409134000
50129901,2,3,1408248750
50129901,3,7,289495000
50129901,4,9,0
50129901,5,10,0
50130101,1,5,1409637750
50130101,2,3,1408457250
50130101,3,6,830053250
50130101,4,7,289751000
50130101,5,9,0
50130201,1,5,1409640250
50130201,2,3,1408457750
50130201,3,7,289750500
50130201,4,9,0
50130201,5,10,0
50131201,1,5,1409638750
50131201,2,3,1408457500
50131201,3,6,830052750
50131201,4,9,0
50131201,5,10,0
50131301,1,5,1409623750
50131301,2,3,1408454750
50131301,3,7,289730750
50131301,4,9,0
50131301,5,10,0
50131401,1,1,450200894300
50131401,2,2,27338978250
50131401,3,5,1409640750
50131401,4,3,1408458250
50131401,5,6,830053250
50131701,1,2,27336636750
50131701,2,5,1409640750
50131701,3,3,1408458250
50131701,4,6,830053250
50131701,5,7,289751000
50131801,1,2,27338977500
50131801,2,5,1409640750
50131801,3,3,1408458250
50131801,4,6,830053250
50131801,5,7,289751000
50132301,1,2,27338938250
50132301,2,6,830028500
50132301,3,7,289683250
50132301,4,9,0
50132301,5,10,0
50132401,1,1,450191228800
50132401,2,2,27338978250
50132401,3,5,1409640750
50132401,4,3,1408458250
50132401,5,6,830053250
50132501,1,2,27338978250
50132501,2,5,1409561750
50132501,3,3,1408414000
50132501,4,7,289683750
50132501,5,9,0
50132701,1,2,27337872500
50132701,2,5,1409640750
50132701,3,3,1408458250
50132701,4,6,830052250
50132701,5,7,289751000
50132901,1,2,27338916000
50132901,2,5,1409640750
50132901,3,3,1408458250
50132901,4,6,830053250
50132901,5,7,289751000
50133710,1,2,27338978250
50133710,2,5,1409609750
50133710,3,6,830041250
50133710,4,7,289747000
50133710,5,9,0
50133901,1,2,27338972250
50133901,2,5,1409640750
50133901,3,3,1408458250
50133901,4,6,830053250
50133901,5,7,289751000
50134401,1,2,27338461250
50134401,2,5,1409640750
50134401,3,3,1408458250
50134401,4,6,830053250
50134401,5,7,289751000
50134501,1,2,27338977000
50134501,2,5,1409640750
50134501,3,3,1408458250
50134501,4,6,830053250
50134501,5,7,289751000
50134701,1,2,27338977250
50134701,2,5,1409640750
50134701,3,3,1408458250
50134701,4,6,830053250
50134701,5,7,289751000
50134801,1,2,27338977250
50134801,2,5,1409636750
50134801,3,3,1408458250
50134801,4,6,830053250
50134801,5,7,289747000
50134901,1,2,27338977500
50134901,2,5,1409640750
50134901,3,3,1408458250
50134901,4,6,830053250
50134901,5,7,289751000
50135201,1,2,27338977250
50135201,2,5,1409640750
50135201,3,3,1408458250
50135201,4,6,830053250
50135201,5,7,289751000
50135601,1,5,1409613250
50135601,2,3,1408408250
50135601,3,6,830053250
50135601,4,7,289746500
50135601,5,9,0
50136110,1,5,1409334000
50136110,2,6,829895500
50136110,3,7,289673000
50136110,4,9,0
50136110,5,10,0
50136500,1,3,1408383000
50136500,2,6,830016000
50136500,3,7,289738500
50136500,4,9,0
50136500,5,10,0
50136930,1,5,1409062250
50136930,2,6,829394250
50136930,3,7,289462750
50136930,4,9,0
50136930,5,10,0
50138901,1,5,1409634000
50138901,2,3,1408456250
50138901,3,7,289742750
50138901,4,9,0
50138901,5,10,0
50144301,1,2,27338975000
50144301,2,3,1408390250
50144301,3,7,289669000
50144301,4,9,0
50144301,5,10,0
50146401,1,5,1409637750
50146401,2,3,1408450250
50146401,3,6,830052500
50146401,4,7,289751000
50146401,5,9,0
50146500,1,3,1406877500
50146500,2,6,828709500
50146500,3,7,289225000
50146500,4,9,0
50146500,5,10,0
50146900,1,3,1408346500
50146900,2,6,829899250
50146900,3,7,289699750
50146900,4,9,0
50146900,5,10,0
50152500,1,5,1408894250
50152500,2,6,829720000
50152500,3,7,289660750
50152500,4,9,0
50152500,5,10,0
50154301,1,3,1408127500
50154301,2,6,829746250
50154301,3,7,289690000
50154301,4,9,0
50154301,5,10,0
50158901,1,5,1409613500
50158901,2,3,1408419250
50158901,3,6,830033750
50158901,4,7,289751000
50158901,5,9,0
50165601,1,5,1409636750
50165601,2,3,1408448250
50165601,3,6,830052250
50165601,4,7,289751000
50165601,5,9,0
50167801,1,5,1409614500
50167801,2,3,1408403500
50167801,3,7,289750000
50167801,4,9,0
50167801,5,10,0
50168901,1,5,1409587750
50168901,2,6,830025500
50168901,3,7,289737500
50168901,4,9,0
50168901,5,10,0
50176501,1,3,1407257250
50176501,2,6,829763750
50176501,3,7,289497000
50176501,4,9,0
50176501,5,10,0
50177801,1,2,27338967000
50177801,2,5,1409617750
50177801,3,3,1408443250
50177801,4,7,289751000
50177801,5,9,0
50186500,1,2,27332715500
50186500,2,5,1409640750
50186500,3,3,1408458250
50186500,4,6,830040500
50186500,5,7,289751000
50188901,1,3,1408441000
50188901,2,6,830024500
50188901,3,7,289724250
50188901,4,9,0
50188901,5,10,0
50195601,1,5,1409444750
50195601,2,6,829889500
50195601,3,7,289708500
50195601,4,9,0
50195601,5,10,0
50196801,1,3,1408448250
50196801,2,6,830030250
50196801,3,7,289731000
50196801,4,9,0
50196801,5,10,0
50197001,1,3,1408322750
50197001,2,6,829899000
50197001,3,7,289744000
50197001,4,9,0
50197001,5,10,0
50197101,1,3,1408268500
50197101,2,6,829944000
50197101,3,7,289709250
50197101,4,9,0
50197101,5,10,0
50197201,1,5,1409625500
50197201,2,3,1408452750
50197201,3,7,289740500
50197201,4,9,0
50197201,5,10,0
50200101,1,5,1405675250
50200101,2,6,827123250
50200101,3,7,288528250
50200101,4,9,0
50200101,5,10,0
50200220,1,5,1408737500
50200220,2,6,829389250
50200220,3,7,289581000
50200220,4,9,0
50200220,5,10,0
50201930,1,5,1397593750
50201930,2,6,829337000
50201930,3,7,289549250
50201930,4,9,0
50201930,5,10,0
50202701,1,5,1409483250
50202701,2,6,829900750
50202701,3,7,289696500
50202701,4,9,0
50202701,5,10,0
50204601,1,3,1406287750
50204601,2,6,829174500
50204601,3,7,289341000
50204601,4,9,0
50204601,5,10,0
50205401,1,2,27338978250
50205401,2,5,1408810750
50205401,3,6,829728500
50205401,4,7,289568750
50205401,5,9,0
50205701,1,5,1409213250
50205701,2,6,829794250
50205701,3,7,289622000
50205701,4,9,0
50205701,5,10,0
50207101,1,5,1409509000
50207101,2,3,1408256250
50207101,3,7,289612000
50207101,4,9,0
50207101,5,10,0
50207201,1,5,1409635750
50207201,2,3,1408456750
50207201,3,6,830052250
50207201,4,7,289751000
50207201,5,9,0
50207660,1,5,1409042750
50207660,2,6,829511500
50207660,3,7,289623500
50207660,4,9,0
50207660,5,10,0
50207801,1,5,1409553500
50207801,2,3,1408379750
50207801,3,7,289706500
50207801,4,9,0
50207801,5,10,0
50208001,1,5,1409544000
50208001,2,6,829995750
50208001,3,7,289720500
50208001,4,9,0
50208001,5,10,0
50208401,1,2,27338860000
50208401,2,6,829838000
50208401,3,7,289682000
50208401,4,9,0
50208401,5,10,0
50208701,1,5,1406776000
50208701,2,6,828840750
50208701,3,7,288955000
50208701,4,9,0
50208701,5,10,0
50208801,1,5,1409604000
50208801,2,3,1408442000
50208801,3,7,289747000
50208801,4,9,0
50208801,5,10,0
50209001,1,3,1408382500
50209001,2,6,829965750
50209001,3,7,289741250
50209001,4,9,0
50209001,5,10,0
50209101,1,3,1407768750
50209101,2,6,829607750
50209101,3,7,289632000
50209101,4,9,0
50209101,5,10,0
50209501,1,5,1409605750
50209501,2,6,830025500
50209501,3,7,289722750
50209501,4,9,0
50209501,5,10,0
50209701,1,5,1409608000
50209701,2,6,830027000
50209701,3,7,289737250
50209701,4,9,0
50209701,5,10,0
50209801,1,5,1409630750
50209801,2,3,1408457750
50209801,3,6,830045250
50209801,4,9,0
50209801,5,10,0
50210000,1,2,27338977250
50210000,2,6,829704250
50210000,3,7,289641500
50210000,4,9,0
50210000,5,10,0
50211201,1,2,27336717500
50211201,2,5,1409640750
50211201,3,3,1408458250
50211201,4,6,830053250
50211201,5,7,289751000
50211801,1,1,450200904300
50211801,2,2,27338978250
50211801,3,5,1409640750
50211801,4,3,1408458250
50211801,5,6,830053250
50212160,1,5,1405623500
50212160,2,6,829879250
50212160,3,7,289486500
50212160,4,9,0
50212160,5,10,0
50212601,1,2,27338974500
50212601,2,6,829715250
50212601,3,7,289654500
50212601,4,9,0
50212601,5,10,0
50214301,1,5,1409566000
50214301,2,6,829986750
50214301,3,7,289736750
50214301,4,9,0
50214301,5,10,0
50215160,1,5,1409564000
50215160,2,6,829996000
50215160,3,7,289740500
50215160,4,9,0
50215160,5,10,0
50215730,1,5,1409609250
50215730,2,6,830037250
50215730,3,7,289746500
50215730,4,9,0
50215730,5,10,0
50215901,1,5,1408564250
50215901,2,6,829466000
50215901,3,7,289412750
50215901,4,9,0
50215901,5,10,0
50217310,1,3,1407961250
50217310,2,6,829785500
50217310,3,7,289644750
50217310,4,9,0
50217310,5,10,0
50222520,1,5,1409328000
50222520,2,6,829730000
50222520,3,7,289681250
50222520,4,9,0
50222520,5,10,0
50223500,1,2,27338965750
50223500,2,6,829904500
50223500,3,7,289640250
50223500,4,9,0
50223500,5,10,0
50224450,1,3,1407556750
50224450,2,6,829655000
50224450,3,7,289610500
50224450,4,9,0
50224450,5,10,0
50226701,1,3,1407678000
50226701,2,6,829477750
50226701,3,7,289624750
50226701,4,9,0
50226701,5,10,0
50227001,1,5,1409638250
50227001,2,6,830046000
50227001,3,7,289750000
50227001,4,9,0
50227001,5,10,0
50235901,1,2,27338780000
50235901,2,5,1408469500
50235901,3,6,829975500
50235901,4,7,289751000
50235901,5,9,0
50236301,1,5,1409301750
50236301,2,6,829838750
50236301,3,7,289657250
50236301,4,9,0
50236301,5,10,0
50246100,1,3,1407948250
50246100,2,6,829787250
50246100,3,7,289685750
50246100,4,9,0
50246100,5,10,0
50258901,1,1,450200905300
50258901,2,2,27338978250
50258901,3,5,1409640750
50258901,4,3,1408458250
50258901,5,6,830053250
50268901,1,3,1407708250
50268901,2,6,829258750
50268901,3,7,289472250
50268901,4,9,0
50268901,5,10,0
50269001,1,3,1408361750
50269001,2,6,829987500
50269001,3,7,289736250
50269001,4,9,0
50269001,5,10,0
50269101,1,2,27338870750
50269101,2,6,829973000
50269101,3,7,289721750
50269101,4,9,0
50269101,5,10,0
50269401,1,3,1408409750
50269401,2,6,830049750
50269401,3,7,289748000
50269401,4,9,0
50269401,5,10,0
50300130,1,5,1409148750
50300130,2,6,829679000
50300130,3,7,289674750
50300130,4,9,0
50300130,5,10,0
50300901,1,3,1408180250
50300901,2,6,829785500
50300901,3,7,289708750
50300901,4,9,0
50300901,5,10,0
50301050,1,5,1408990250
50301050,2,6,829562500
50301050,3,7,289638000
50301050,4,9,0
50301050,5,10,0
50301101,1,5,1409497000
50301101,2,6,829963500
50301101,3,7,289729750
50301101,4,9,0
50301101,5,10,0
50301201,1,2,27338871500
50301201,2,5,1409640750
50301201,3,3,1408458250
50301201,4,6,830053250
50301201,5,7,289751000
50317101,1,3,1408335500
50317101,2,6,829914000
50317101,3,7,289640500
50317101,4,9,0
50317101,5,10,0
50401201,1,3,1408457500
50401201,2,6,830052000
50401201,3,7,289750000
50401201,4,9,0
50401201,5,10,0
50401301,1,5,1409640750
50401301,2,3,1408457250
50401301,3,6,830052250
50401301,4,7,289751000
50401301,5,9,0
50403550,1,5,1409498750
50403550,2,6,829934500
50403550,3,7,289634000
50403550,4,9,0
50403550,5,10,0
50403730,1,3,1407570000
50403730,2,6,828871250
50403730,3,7,289407000
50403730,4,9,0
50403730,5,10,0
50500001,1,5,1406288250
50500001,2,6,828134500
50500001,3,7,289096500
50500001,4,9,0
50500001,5,10,0
50501150,1,5,1408891500
50501150,2,6,829311500
50501150,3,7,289550750
50501150,4,9,0
50501150,5,10,0
50501701,1,1,450200639400
50501701,2,5,1409640750
50501701,3,3,1408458250
50501701,4,6,830053250
50501701,5,7,289751000
50504420,1,3,1406438500
50504420,2,6,828530750
50504420,3,7,289041750
50504420,4,9,0
50504420,5,10,0
50505901,1,5,1409299750
50505901,2,6,829836000
50505901,3,7,289698750
50505901,4,9,0
50505901,5,10,0
50508501,1,3,1408068750
50508501,2,6,829839500
50508501,3,7,289673500
50508501,4,9,0
50508501,5,10,0
50900001,1,2,27338978250
50900001,2,5,1409566500
50900001,3,6,829954000
50900001,4,7,289751000
50900001,5,9,0
50900240,1,2,27338977750
50900240,2,6,827452250
50900240,3,7,289018750
50900240,4,9,0
50900240,5,10,0
50900701,1,2,27338956250
50900701,2,6,829681500
50900701,3,7,289690250
50900701,4,9,0
50900701,5,10,0
50900901,1,2,27338975250
50900901,2,6,829899500
50900901,3,7,289690250
50900901,4,9,0
50900901,5,10,0
50902110,1,2,27338978250
50902110,2,3,1404653000
50902110,3,6,827648250
50902110,4,7,289145250
50902110,5,9,0
50902501,1,2,27338978250
50902501,2,3,1408191250
50902501,3,6,829862250
50902501,4,7,289696250
50902501,5,9,0
50902901,1,2,27338977250
50902901,2,6,828067500
50902901,3,7,289142500
50902901,4,9,0
50902901,5,10,0
50903101,1,2,27338978250
50903101,2,3,1407944000
50903101,3,6,829630000
50903101,4,7,289518500
50903101,5,9,0
50903201,1,2,27336840000
50903201,2,3,1405365750
50903201,3,7,288899500
50903201,4,9,0
50903201,5,10,0
50904001,1,2,27338978250
50904001,2,5,1409566250
50904001,3,3,1408426000
50904001,4,7,289675500
50904001,5,9,0
50904401,1,2,27338978250
50904401,2,5,1409228000
50904401,3,6,829787000
50904401,4,7,289687750
50904401,5,9,0
50904601,1,1,450199403800
50904601,2,2,27338978250
50904601,3,5,1409640750
50904601,4,3,1408458250
50904601,5,6,830053250
50904801,1,5,1409640250
50904801,2,6,830050250
50904801,3,7,289750500
50904801,4,9,0
50904801,5,10,0
50906901,1,5,1407734250
50906901,2,6,829363250
50906901,3,7,289593500
50906901,4,9,0
50906901,5,10,0
50918001,1,5,1407929250
50918001,2,6,828896750
50918001,3,7,289361750
50918001,4,9,0
50918001,5,10,0
50918901,1,2,27338975250
50918901,2,6,829377250
50918901,3,7,289581750
50918901,4,9,0
50918901,5,10,0
50926701,1,2,27338878000
50926701,2,3,1408408250
50926701,3,6,830042250
50926701,4,7,289751000
50926701,5,9,0
50945401,1,2,27338978250
50945401,2,5,1409558000
50945401,3,3,1408423250
50945401,4,7,289738500
50945401,5,9,0
51018901,1,1,450200900500
51018901,2,2,27338978250
51018901,3,5,1409640750
51018901,4,3,1408458250
51018901,5,6,830053250
51056201,1,3,1407033250
51056201,2,6,828909250
51056201,3,7,289164000
51056201,4,9,0
51056201,5,10,0
51300501,1,5,1408239000
51300501,2,6,829262500
51300501,3,7,289506750
51300501,4,9,0
51300501,5,10,0
51400401,1,3,1405495000
51400401,2,6,825715500
51400401,3,7,287964250
51400401,4,9,0
51400401,5,10,0
51400601,1,5,1406715250
51400601,2,6,828119250
51400601,3,7,288626500
51400601,4,9,0
51400601,5,10,0
51400701,1,3,1408314000
51400701,2,6,829874000
51400701,3,7,289665500
51400701,4,9,0
51400701,5,10,0
51406601,1,2,27338281000
51406601,2,6,829138500
51406601,3,7,289285750
51406601,4,9,0
51406601,5,10,0
51418901,1,2,27338774500
51418901,2,6,829383500
51418901,3,7,289586250
51418901,4,9,0
51418901,5,10,0
51425401,1,3,1404186750
51425401,2,6,826264250
51425401,3,7,288992000
51425401,4,9,0
51425401,5,10,0
51506201,1,3,1408308500
51506201,2,6,829685500
51506201,3,7,289656250
51506201,4,9,0
51506201,5,10,0
51525401,1,5,1408942250
51525401,2,6,829538250
51525401,3,7,289623750
51525401,4,9,0
51525401,5,10,0
51600230,1,2,27338968750
51600230,2,6,828098000
51600230,3,7,289088000
51600230,4,9,0
51600230,5,10,0
51600801,1,2,27338976250
51600801,2,6,828796500
51600801,3,7,289351000
51600801,4,9,0
51600801,5,10,0
51601130,1,2,27338978250
51601130,2,5,1403541750
51601130,3,6,827637250
51601130,4,7,289107500
51601130,5,9,0
51601330,1,2,27338945500
51601330,2,6,829333250
51601330,3,7,289708000
51601330,4,9,0
51601330,5,10,0
51601930,1,2,27338978250
51601930,2,5,1409483500
51601930,3,6,829885750
51601930,4,7,289751000
51601930,5,9,0
51627201,1,2,27338817000
51627201,2,6,829336250
51627201,3,7,289510000
51627201,4,9,0
51627201,5,10,0
51700201,1,2,27338978250
51700201,2,3,1408454250
51700201,3,6,830052250
51700201,4,7,289751000
51700201,5,9,0
51815201,1,5,1409638250
51815201,2,3,1408450000
51815201,3,6,830051250
51815201,4,7,289751000
51815201,5,9,0
51914301,1,3,1408248500
51914301,2,6,829949500
51914301,3,7,289708000
51914301,4,9,0
51914301,5,10,0
52400401,1,2,27338978250
52400401,2,5,1409583000
52400401,3,3,1408396500
52400401,4,7,289717750
52400401,5,9,0
52402001,1,3,1403437000
52402001,2,6,827891750
52402001,3,7,289001250
52402001,4,9,0
52402001,5,10,0
52402101,1,5,1408639250
52402101,2,6,829545750
52402101,3,7,289658500
52402101,4,9,0
52402101,5,10,0
52402501,1,5,1409636250
52402501,2,3,1408451500
52402501,3,7,289750500
52402501,4,9,0
52402501,5,10,0
52402601,1,5,1409578750
52402601,2,6,829994000
52402601,3,7,289739250
52402601,4,9,0
52402601,5,10,0
52403101,1,5,1409493500
52403101,2,6,829948000
52403101,3,7,289705500
52403101,4,9,0
52403101,5,10,0
52403201,1,5,1409640750
52403201,2,3,1408458250
52403201,3,6,830052250
52403201,4,7,289722000
52403201,5,9,0
52403601,1,5,1406209500
52403601,2,6,828402000
52403601,3,7,289208250
52403601,4,9,0
52403601,5,10,0
52403801,1,2,27337655250
52403801,2,5,1409640750
52403801,3,3,1408458250
52403801,4,6,830053250
52403801,5,7,289743000
52404601,1,5,1407155750
52404601,2,6,828494000
52404601,3,7,289348250
52404601,4,9,0
52404601,5,10,0
52412001,1,3,1406540250
52412001,2,6,829375500
52412001,3,7,289470250
52412001,4,9,0
52412001,5,10,0
52415201,1,2,27338813750
52415201,2,3,1408178500
52415201,3,7,289546500
52415201,4,9,0
52415201,5,10,0
52416100,1,3,1408021000
52416100,2,6,829549250
52416100,3,7,289476000
52416100,4,9,0
52416100,5,10,0
52436200,1,3,1405393750
52436200,2,6,827421250
52436200,3,7,289156250
52436200,4,9,0
52436200,5,10,0
52436301,1,2,27338978250
52436301,2,5,1409400000
52436301,3,6,830017250
52436301,4,7,289751000
52436301,5,9,0
52436501,1,5,1409638750
52436501,2,6,830021250
52436501,3,7,289750000
52436501,4,9,0
52436501,5,10,0
52436601,1,5,1409629000
52436601,2,3,1408422750
52436601,3,6,830050500
52436601,4,7,289751000
52436601,5,9,0
52500301,1,5,1409636750
52500301,2,3,1408454250
52500301,3,6,830053250
52500301,4,7,289751000
52500301,5,9,0
52500601,1,5,1409635750
52500601,2,3,1408458250
52500601,3,6,830052250
52500601,4,7,289751000
52500601,5,9,0
52502350,1,3,1408025000
52502350,2,6,829888500
52502350,3,7,289677500
52502350,4,9,0
52502350,5,10,0
52503450,1,3,1408077750
52503450,2,6,829895750
52503450,3,7,289674500
52503450,4,9,0
52503450,5,10,0
52507001,1,5,1409615750
52507001,2,3,1408437500
52507001,3,6,830053250
52507001,4,7,289747000
52507001,5,9,0
52507401,1,3,1408352500
52507401,2,6,829908000
52507401,3,7,289737250
52507401,4,9,0
52507401,5,10,0
52507801,1,5,1409604250
52507801,2,6,830039000
52507801,3,7,289750000
52507801,4,9,0
52507801,5,10,0
52510201,1,3,1408299000
52510201,2,6,829998000
52510201,3,7,289732250
52510201,4,9,0
52510201,5,10,0
52514600,1,5,1409639500
52514600,2,3,1408458250
52514600,3,6,830052250
52514600,4,7,289751000
52514600,5,9,0
52700301,1,2,27338978250
52700301,2,3,1408072250
52700301,3,6,829681250
52700301,4,7,289735250
52700301,5,9,0
52800560,1,5,1409603500
52800560,2,3,1408416500
52800560,3,6,830032750
52800560,4,7,289751000
52800560,5,9,0
52903301,1,2,27338912250
52903301,2,5,1408419250
52903301,3,7,289088500
52903301,4,9,0
52903301,5,10,0
53000401,1,5,1409584500
53000401,2,6,829977000
53000401,3,7,289731000
53000401,4,9,0
53000401,5,10,0
53001050,1,2,27338978250
53001050,2,3,1407322750
53001050,3,6,828960750
53001050,4,7,289393500
53001050,5,9,0
53001720,1,2,27338978250
53001720,2,5,1409564500
53001720,3,6,830036750
53001720,4,7,289731500
53001720,5,9,0
53001801,1,3,1408455250
53001801,2,6,830052250
53001801,3,7,289748500
53001801,4,9,0
53001801,5,10,0
53003301,1,3,1407566000
53003301,2,6,829371000
53003301,3,7,289501750
53003301,4,9,0
53003301,5,10,0
53018901,1,2,27338938000
53018901,2,3,1408412500
53018901,3,7,289740500
53018901,4,9,0
53018901,5,10,0
53100501,1,2,27338976750
53100501,2,6,829992000
53100501,3,7,289739750
53100501,4,9,0
53100501,5,10,0
53500601,1,2,27338978000
53500601,2,6,829655750
53500601,3,7,289617250
53500601,4,9,0
53500601,5,10,0
53501201,1,3,1408182250
53501201,2,6,829700500
53501201,3,7,289661000
53501201,4,9,0
53501201,5,10,0
53501401,1,2,27338283500
53501401,2,6,829807750
53501401,3,7,289673750
53501401,4,9,0
53501401,5,10,0
53501601,1,2,27337777000
53501601,2,5,1409640750
53501601,3,3,1408458250
53501601,4,6,830053250
53501601,5,7,289751000
53600400,1,5,1400363750
53600400,2,6,825760500
53600400,3,7,288913500
53600400,4,9,0
53600400,5,10,0
53601201,1,5,1409100500
53601201,2,6,829733750
53601201,3,7,289709250
53601201,4,9,0
53601201,5,10,0
53601701,1,5,1409505250
53601701,2,6,829938500
53601701,3,7,289736750
53601701,4,9,0
53601701,5,10,0
53602001,1,1,450200902800
53602001,2,2,27338978250
53602001,3,5,1409640750
53602001,4,3,1408458250
53602001,5,6,830053250
53603120,1,2,27338978250
53603120,2,3,1406321500
53603120,3,6,828473750
53603120,4,7,288995000
53603120,5,9,0
53605800,1,2,27337775500
53605800,2,6,827054500
53605800,3,7,288702750
53605800,4,9,0
53605800,5,10,0
53833801,1,3,1408107250
53833801,2,6,829771750
53833801,3,7,289666000
53833801,4,9,0
53833801,5,10,0
53900501,1,1,450200895400
53900501,2,2,27338978250
53900501,3,3,1408454250
53900501,4,6,830051250
53900501,5,9,0
54000520,1,3,1407451250
54000520,2,6,829216500
54000520,3,7,289417500
54000520,4,9,0
54000520,5,10,0
54000820,1,2,27338678750
54000820,2,6,828822500
54000820,3,7,289303750
54000820,4,9,0
54000820,5,10,0
54003501,1,3,1406573500
54003501,2,6,828895750
54003501,3,7,289410000
54003501,4,9,0
54003501,5,10,0
54017601,1,2,27338977750
54017601,2,6,830011500
54017601,3,7,289736250
54017601,4,9,0
54017601,5,10,0
54100301,1,2,27338978250
54100301,2,3,1408272750
54100301,3,6,829811500
54100301,4,7,289748250
54100301,5,9,0
54100401,1,2,27338978250
54100401,2,5,1409617500
54100401,3,6,830042250
54100401,4,7,289751000
54100401,5,9,0
54101101,1,2,27338978250
54101101,2,5,1409631500
54101101,3,3,1408456250
54101101,4,6,830053250
54101101,5,7,289751000
54500101,1,2,27338909500
54500101,2,6,829131000
54500101,3,7,289245250
54500101,4,9,0
54500101,5,10,0
54615801,1,2,27338953500
54615801,2,6,829722750
54615801,3,7,289697000
54615801,4,9,0
54615801,5,10,0
54800201,1,2,27338978000
54800201,2,3,1408452250
54800201,3,6,830051250
54800201,4,7,289751000
54800201,5,9,0
55300101,1,2,27338978250
55300101,2,3,1407943000
55300101,3,6,829307500
55300101,4,7,289714000
55300101,5,9,0
55300301,1,5,1409635750
55300301,2,3,1408451250
55300301,3,7,289750000
55300301,4,9,0
55300301,5,10,0
55316700,1,2,27338574000
55316700,2,3,1407773750
55316700,3,7,289476000
55316700,4,9,0
55316700,5,10,0
55325401,1,2,27338977000
55325401,2,3,1408059000
55325401,3,7,289518500
55325401,4,9,0
55325401,5,10,0
60100101,1,2,27338978250
60100101,2,5,1409633750
60100101,3,6,830046000
60100101,4,7,289751000
60100101,5,9,0
60100810,1,2,27338978250
60100810,2,3,1408387000
60100810,3,6,830009750
60100810,4,7,289748500
60100810,5,9,0
60102700,1,5,1406924000
60102700,2,6,828285250
60102700,3,7,289062500
60102700,4,9,0
60102700,5,10,0
60103101,1,5,1409608000
60103101,2,3,1408417000
60103101,3,7,289741500
60103101,4,9,0
60103101,5,10,0
60103401,1,2,27338975500
60103401,2,5,1409615750
60103401,3,7,289746250
60103401,4,9,0
60103401,5,10,0
60105001,1,5,1409181500
60105001,2,6,829774250
60105001,3,7,289616000
60105001,4,9,0
60105001,5,10,0
60105501,1,3,1407160000
60105501,2,6,829214250
60105501,3,7,289408000
60105501,4,9,0
60105501,5,10,0
60106101,1,2,27338973750
60106101,2,6,830002000
60106101,3,7,289748000
60106101,4,9,0
60106101,5,10,0
60106901,1,2,27338878750
60106901,2,6,830001750
60106901,3,7,289721500
60106901,4,9,0
60106901,5,10,0
60107801,1,2,27338976250
60107801,2,6,829739250
60107801,3,7,289591750
60107801,4,9,0
60107801,5,10,0
60107901,1,3,1407631250
60107901,2,6,829303750
60107901,3,7,289418750
60107901,4,9,0
60107901,5,10,0
60108701,1,5,1409626250
60108701,2,3,1408442750
60108701,3,6,830046500
60108701,4,7,289751000
60108701,5,9,0
60108901,1,5,1405861750
60108901,2,6,827252000
60108901,3,7,288481750
60108901,4,9,0
60108901,5,10,0
60109201,1,2,27338978250
60109201,2,5,1409476000
60109201,3,6,829831500
60109201,4,7,289697750
60109201,5,9,0
60109501,1,2,27338978250
60109501,2,3,1408450750
60109501,3,6,830044500
60109501,4,7,289751000
60109501,5,9,0
60110010,1,3,1408086250
60110010,2,6,829769500
60110010,3,7,289675000
60110010,4,9,0
60110010,5,10,0
60111001,1,2,27338978250
60111001,2,3,1408418250
60111001,3,6,830029750
60111001,4,7,289746750
60111001,5,9,0
60111160,1,5,1408903250
60111160,2,6,829616750
60111160,3,7,289646500
60111160,4,9,0
60111160,5,10,0
60111201,1,1,450200905300
60111201,2,2,27338978250
60111201,3,5,1409640750
60111201,4,3,1408458250
60111201,5,6,830053250
60111501,1,5,1409640750
60111501,2,3,1408455000
60111501,3,6,830042250
60111501,4,7,289751000
60111501,5,9,0
60111960,1,5,1406816000
60111960,2,6,828138250
60111960,3,7,289099250
60111960,4,9,0
60111960,5,10,0
60113590,1,2,27338564000
60113590,2,6,829718750
60113590,3,7,289697250
60113590,4,9,0
60113590,5,10,0
60115360,1,2,27338978250
60115360,2,5,1408566000
60115360,3,3,1406852500
60115360,4,7,289344500
60115360,5,9,0
60115960,1,3,1408143000
60115960,2,6,829730250
60115960,3,7,289670500
60115960,4,9,0
60115960,5,10,0
60116150,1,5,1409496750
60116150,2,6,829918250
60116150,3,7,289710500
60116150,4,9,0
60116150,5,10,0
60116360,1,5,1409597000
60116360,2,3,1408405250
60116360,3,7,289715500
60116360,4,9,0
60116360,5,10,0
60136500,1,2,27338978250
60136500,2,3,1408439500
60136500,3,6,830027000
60136500,4,7,289733000
60136500,5,9,0
60165401,1,5,1409640750
60165401,2,3,1408456250
60165401,3,6,829992000
60165401,4,7,289751000
60165401,5,9,0
60165701,1,5,1409632750
60165701,2,3,1408432250
60165701,3,6,830042000
60165701,4,7,289751000
60165701,5,9,0
60201001,1,5,1408299500
60201001,2,6,828935250
60201001,3,7,289548000
60201001,4,9,0
60201001,5,10,0
60202901,1,2,27338978250
60202901,2,5,1409271500
60202901,3,6,829932750
60202901,4,7,289715500
60202901,5,9,0
60203201,1,1,450200902800
60203201,2,2,27338978250
60203201,3,5,1409640750
60203201,4,3,1408458250
60203201,5,6,830053250
60204601,1,5,1408150500
60204601,2,6,829501250
60204601,3,7,289687000
60204601,4,9,0
60204601,5,10,0
60204860,1,2,27331642500
60204860,2,6,824949500
60204860,3,7,288201000
60204860,4,9,0
60204860,5,10,0
60205230,1,2,27338978250
60205230,2,5,1409000750
60205230,3,6,829726500
60205230,4,7,289585750
60205230,5,9,0
60205930,1,2,27338978250
60205930,2,5,1407425000
60205930,3,6,829002500
60205930,4,7,289407250
60205930,5,9,0
60206520,1,2,27336320000
60206520,2,6,827977000
60206520,3,7,289157250
60206520,4,9,0
60206520,5,10,0
60206660,1,2,27338971500
60206660,2,6,829645500
60206660,3,7,289498750
60206660,4,9,0
60206660,5,10,0
60206720,1,5,1408237750
60206720,2,6,828426750
60206720,3,7,289247750
60206720,4,9,0
60206720,5,10,0
60206760,1,2,27338978250
60206760,2,5,1409451250
60206760,3,6,829929750
60206760,4,7,289661750
60206760,5,9,0
60206860,1,2,27338978250
60206860,2,5,1407203250
60206860,3,6,828271250
60206860,4,7,289524750
60206860,5,9,0
60207501,1,2,27338906250
60207501,2,6,830017000
60207501,3,7,289727750
60207501,4,9,0
60207501,5,10,0
60207801,1,5,1408661000
60207801,2,6,829105000
60207801,3,7,289309750
60207801,4,9,0
60207801,5,10,0
60218901,1,5,1408731000
60218901,2,6,829430250
60218901,3,7,289595000
60218901,4,9,0
60218901,5,10,0
60300201,1,2,27338726250
60300201,2,6,829699000
60300201,3,7,289652250
60300201,4,9,0
60300201,5,10,0
60301201,1,5,1409443750
60301201,2,6,829965250
60301201,3,7,289689750
60301201,4,9,0
60301201,5,10,0
60301601,1,2,27338978250
60301601,2,5,1404882250
60301601,3,6,827075250
60301601,4,7,288894500
60301601,5,9,0
60301901,1,5,1407913750
60301901,2,6,829291250
60301901,3,7,289626000
60301901,4,9,0
60301901,5,10,0
60302401,1,2,27338978250
60302401,2,5,1408727500
60302401,3,6,829628000
60302401,4,7,289681500
60302401,5,9,0
60302501,1,2,27338978250
60302501,2,5,1409115000
60302501,3,6,829823250
60302501,4,7,289703000
60302501,5,9,0
60400320,1,5,1402574750
60400320,2,6,826125000
60400320,3,7,288358750
60400320,4,9,0
60400320,5,10,0
60401220,1,2,27338976750
60401220,2,6,829894000
60401220,3,7,289726500
60401220,4,9,0
60401220,5,10,0
60402201,1,2,27338978250
60402201,2,5,1408703250
60402201,3,6,829624500
60402201,4,7,289661750
60402201,5,9,0
60407301,1,2,27338978250
60407301,2,5,1409603000
60407301,3,6,830012000
60407301,4,7,289748500
60407301,5,9,0
60407501,1,2,27338974250
60407501,2,6,829878250
60407501,3,7,289704250
60407501,4,9,0
60407501,5,10,0
60416701,1,2,27338977250
60416701,2,6,828468250
60416701,3,7,289259750
60416701,4,9,0
60416701,5,10,0
60418901,1,3,1408038250
60418901,2,6,829688750
60418901,3,7,289664000
60418901,4,9,0
60418901,5,10,0
60500001,1,5,1409639250
60500001,2,3,1408457750
60500001,3,6,830053250
60500001,4,7,289751000
60500001,5,9,0
60500101,1,3,1408399000
60500101,2,6,830004500
60500101,3,7,289737500
60500101,4,9,0
60500101,5,10,0
60500201,1,2,27338973750
60500201,2,5,1409613250
60500201,3,6,830018750
60500201,4,7,289751000
60500201,5,9,0
60500301,1,2,27338978250
60500301,2,5,1409640750
60500301,3,3,1408458250
60500301,4,6,830052250
60500301,5,7,289751000
60500401,1,1,450200366700
60500401,2,2,27338978250
60500401,3,5,1409640750
60500401,4,3,1408458250
60500401,5,6,830053250
60500501,1,5,1409634000
60500501,2,3,1408458250
60500501,3,6,830052250
60500501,4,7,289749500
60500501,5,9,0
60500701,1,2,27338978250
60500701,2,5,1409639750
60500701,3,3,1408457500
60500701,4,6,830053250
60500701,5,7,289750000
60500801,1,5,1409637750
60500801,2,3,1408458250
60500801,3,6,830046250
60500801,4,7,289751000
60500801,5,9,0
60500901,1,2,27338488500
60500901,2,5,1409640750
60500901,3,3,1408458250
60500901,4,6,830053250
60500901,5,7,289751000
60501001,1,1,450200453800
60501001,2,2,27338978250
60501001,3,5,1409640750
60501001,4,3,1408458250
60501001,5,6,830053250
60600201,1,2,27338952750
60600201,2,6,829977000
60600201,3,7,289736500
60600201,4,9,0
60600201,5,10,0
60600360,1,2,27338954750
60600360,2,5,1409508000
60600360,3,6,829964500
60600360,4,7,289751000
60600360,5,9,0
60600501,1,2,27338549500
60600501,2,6,829664250
60600501,3,7,289659750
60600501,4,9,0
60600501,5,10,0
60600701,1,2,27338971750
60600701,2,6,830026250
60600701,3,7,289742750
60600701,4,9,0
60600701,5,10,0
60602301,1,5,1407000000
60602301,2,6,828737750
60602301,3,7,289314500
60602301,4,9,0
60602301,5,10,0
60701300,1,5,1407635000
60701300,2,6,828352500
60701300,3,7,289218750
60701300,4,9,0
60701300,5,10,0
60701701,1,3,1407258500
60701701,2,6,828560000
60701701,3,7,289467500
60701701,4,9,0
60701701,5,10,0
60703001,1,2,27338978250
60703001,2,5,1409566750
60703001,3,6,829939250
60703001,4,7,289751000
60703001,5,9,0
60705201,1,2,27338889250
60705201,2,6,829823250
60705201,3,7,289702000
60705201,4,9,0
60705201,5,10,0
60705901,1,2,27338978250
60705901,2,5,1409632250
60705901,3,3,1408428000
60705901,4,7,289751000
60705901,5,9,0
60706030,1,5,1409351250
60706030,2,6,829805500
60706030,3,7,289690500
60706030,4,9,0
60706030,5,10,0
60706101,1,2,27338863250
60706101,2,5,1408192750
60706101,3,7,289282000
60706101,4,9,0
60706101,5,10,0
60706401,1,5,1409510250
60706401,2,6,829963500
60706401,3,7,289668000
60706401,4,9,0
60706401,5,10,0
60708301,1,5,1409581000
60708301,2,6,830012500
60708301,3,7,289740500
60708301,4,9,0
60708301,5,10,0
60709601,1,2,27338969250
60709601,2,5,1409608750
60709601,3,6,830011250
60709601,4,7,289751000
60709601,5,9,0
60709701,1,2,27338957500
60709701,2,3,1408400250
60709701,3,7,289732000
60709701,4,9,0
60709701,5,10,0
60710550,1,3,1406639500
60710550,2,6,829150750
60710550,3,7,289429000
60710550,4,9,0
60710550,5,10,0
60711701,1,2,27338821500
60711701,2,5,1409461500
60711701,3,7,289683250
60711701,4,9,0
60711701,5,10,0
60713001,1,3,1407674250
60713001,2,6,829364750
60713001,3,7,289570750
60713001,4,9,0
60713001,5,10,0
60715201,1,3,1407657250
60715201,2,6,829690000
60715201,3,7,289697000
60715201,4,9,0
60715201,5,10,0
60716601,1,2,27335960250
60716601,2,6,828062000
60716601,3,7,289090000
60716601,4,9,0
60716601,5,10,0
60719800,1,3,1407057250
60719800,2,6,829339500
60719800,3,7,289451000
60719800,4,9,0
60719800,5,10,0
60725201,1,3,1405794250
60725201,2,6,828088250
60725201,3,7,288722000
60725201,4,9,0
60725201,5,10,0
60726001,1,3,1407833500
60726001,2,6,829469750
60726001,3,7,289557250
60726001,4,9,0
60726001,5,10,0
60757801,1,5,1409133000
60757801,2,6,829549000
60757801,3,7,289623250
60757801,4,9,0
60757801,5,10,0
60757901,1,2,27338978250
60757901,2,5,1409553750
60757901,3,6,829933250
60757901,4,7,289662250
60757901,5,9,0
60758101,1,2,27338978250
60758101,2,5,1409606250
60758101,3,6,830034250
60758101,4,7,289751000
60758101,5,9,0
60758201,1,5,1409041500
60758201,2,6,829733750
60758201,3,7,289687500
60758201,4,9,0
60758201,5,10,0
60758301,1,5,1409562750
60758301,2,6,830019250
60758301,3,7,289744000
60758301,4,9,0
60758301,5,10,0
60758401,1,5,1409447750
60758401,2,6,829992250
60758401,3,7,289746000
60758401,4,9,0
60758401,5,10,0
60900301,1,2,27338978250
60900301,2,5,1408910250
60900301,3,6,829580750
60900301,4,7,289541000
60900301,5,9,0
60900401,1,2,27338978000
60900401,2,5,1409640750
60900401,3,3,1408458250
60900401,4,6,830053250
60900401,5,7,289751000
60900501,1,5,1408496750
60900501,2,6,829405750
60900501,3,7,289448000
60900501,4,9,0
60900501,5,10,0
60900630,1,2,27338978250
60900630,2,5,1408101500
60900630,3,6,829156250
60900630,4,7,289559000
60900630,5,9,0
60900701,1,2,27338975750
60900701,2,3,1408452250
60900701,3,6,830031250
60900701,4,9,0
60900701,5,10,0
60904101,1,2,27338978250
60904101,2,5,1409637000
60904101,3,3,1408458250
60904101,4,6,830053250
60904101,5,7,289751000
60904701,1,2,27338978250
60904701,2,5,1409492500
60904701,3,6,829981500
60904701,4,7,289719500
60904701,5,9,0
60906501,1,2,27338831750
60906501,2,3,1407696750
60906501,3,7,289531750
60906501,4,9,0
60906501,5,10,0
60906701,1,2,27338978250
60906701,2,5,1409593750
60906701,3,6,830005000
60906701,4,7,289728000
60906701,5,9,0
60917301,1,2,27338978250
60917301,2,5,1409305000
60917301,3,6,829858250
60917301,4,7,289735250
60917301,5,9,0
61000230,1,2,27338977250
61000230,2,5,1409639000
61000230,3,3,1408456500
61000230,4,6,830053250
61000230,5,7,289750500
61000660,1,5,1409155000
61000660,2,6,829747000
61000660,3,7,289672000
61000660,4,9,0
61000660,5,10,0
61001001,1,2,27338978250
61001001,2,3,1407798750
61001001,3,6,829582750
61001001,4,7,289589500
61001001,5,9,0
61005801,1,2,27338904500
61005801,2,6,828448000
61005801,3,7,289274250
61005801,4,9,0
61005801,5,10,0
61017101,1,2,27338978250
61017101,2,5,1409618750
61017101,3,6,830046750
61017101,4,7,289751000
61017101,5,9,0
61105901,1,5,1408904750
61105901,2,6,829070000
61105901,3,7,289503250
61105901,4,9,0
61105901,5,10,0
61116701,1,5,1408411250
61116701,2,6,828501750
61116701,3,7,289569750
61116701,4,9,0
61116701,5,10,0
61200101,1,5,1408828750
61200101,2,6,829858750
61200101,3,7,289643250
61200101,4,9,0
61200101,5,10,0
61400140,1,2,27338978250
61400140,2,3,1407746000
61400140,3,6,829244000
61400140,4,7,289630750
61400140,5,9,0
61403501,1,3,1405984000
61403501,2,6,828741250
61403501,3,7,289399250
61403501,4,9,0
61403501,5,10,0
61405440,1,5,1408176500
61405440,2,6,829036500
61405440,3,7,289463250
61405440,4,9,0
61405440,5,10,0
61406900,1,2,27338928750
61406900,2,6,829806250
61406900,3,7,289691500
61406900,4,9,0
61406900,5,10,0
61409801,1,2,27338877000
61409801,2,6,829108000
61409801,3,7,289356250
61409801,4,9,0
61409801,5,10,0
61416100,1,5,1408747250
61416100,2,6,829228250
61416100,3,7,289563750
61416100,4,9,0
61416100,5,10,0
61416401,1,5,1408246000
61416401,2,6,829481500
61416401,3,7,289568000
61416401,4,9,0
61416401,5,10,0
61434600,1,2,27338977000
61434600,2,6,828987000
61434600,3,7,289454750
61434600,4,9,0
61434600,5,10,0
61434701,1,5,1409507000
61434701,2,6,829960250
61434701,3,7,289745500
61434701,4,9,0
61434701,5,10,0
61500601,1,5,1406234750
61500601,2,6,827213250
61500601,3,7,289504250
61500601,4,9,0
61500601,5,10,0
61500701,1,3,1406185750
61500701,2,6,828423500
61500701,3,7,289410250
61500701,4,9,0
61500701,5,10,0
61602001,1,3,1408432750
61602001,2,6,830044250
61602001,3,7,289750000
61602001,4,9,0
61602001,5,10,0
61604101,1,2,27338977750
61604101,2,6,829506750
61604101,3,7,289608500
61604101,4,9,0
61604101,5,10,0
61616100,1,5,1409507250
61616100,2,6,829974500
61616100,3,7,289733000
61616100,4,9,0
61616100,5,10,0
61617001,1,5,1409639250
61617001,2,3,1408425500
61617001,3,6,830049250
61617001,4,7,289751000
61617001,5,9,0
61617101,1,2,27338972750
61617101,2,3,1408453500
61617101,3,6,830050750
61617101,4,7,289751000
61617101,5,9,0
61700220,1,2,27338978250
61700220,2,5,1407731500
61700220,3,6,828897500
61700220,4,7,289398750
61700220,5,9,0
61700801,1,5,1409620250
61700801,2,3,1408452000
61700801,3,7,289738500
61700801,4,9,0
61700801,5,10,0
61700901,1,5,1409640750
61700901,2,3,1408458250
61700901,3,6,830047250
61700901,4,7,289747500
61700901,5,9,0
61800601,1,5,1409483750
61800601,2,3,1408356500
61800601,3,7,289699750
61800601,4,9,0
61800601,5,10,0
61801401,1,3,1407265250
61801401,2,6,829302500
61801401,3,7,289600500
61801401,4,9,0
61801401,5,10,0
61801650,1,2,27338880750
61801650,2,3,1408290000
61801650,3,7,289705500
61801650,4,9,0
61801650,5,10,0
61801801,1,5,1408806500
61801801,2,6,829478750
61801801,3,7,289554750
61801801,4,9,0
61801801,5,10,0
61900110,1,5,1407330250
61900110,2,6,828711750
61900110,3,7,289082750
61900110,4,9,0
61900110,5,10,0
61901301,1,5,1407796500
61901301,2,6,828276250
61901301,3,7,289396500
61901301,4,9,0
61901301,5,10,0
61901401,1,5,1409276000
61901401,2,3,1408093000
61901401,3,7,289634000
61901401,4,9,0
61901401,5,10,0
61915701,1,1,450194907300
61915701,2,2,27338978250
61915701,3,5,1409640750
61915701,4,3,1408458250
61915701,5,6,830053250
62201801,1,5,1408196000
62201801,2,6,829110250
62201801,3,7,289536000
62201801,4,9,0
62201801,5,10,0
62400001,1,1,450190373200
62400001,2,2,27338978250
62400001,3,5,1409640750
62400001,4,3,1408458250
62400001,5,6,830053250
62700001,1,2,27338978250
62700001,2,5,1409636750
62700001,3,3,1408458250
62700001,4,6,830053250
62700001,5,7,289751000
62700101,1,3,1408334500
62700101,2,6,829899500
62700101,3,7,289624750
62700101,4,9,0
62700101,5,10,0
62700201,1,5,1409563000
62700201,2,3,1408368000
62700201,3,7,289672500
62700201,4,9,0
62700201,5,10,0
62700301,1,1,450200899300
62700301,2,2,27338978250
62700301,3,5,1409640750
62700301,4,3,1408458250
62700301,5,6,830053250
62700401,1,2,27336081000
62700401,2,5,1409640750
62700401,3,3,1408458250
62700401,4,6,830053250
62700401,5,7,289751000
62700501,1,1,450200903800
62700501,2,2,27338978250
62700501,3,5,1409640750
62700501,4,3,1408458250
62700501,5,6,830053250
62700701,1,3,1408448750
62700701,2,6,830048000
62700701,3,7,289750500
62700701,4,9,0
62700701,5,10,0
62900201,1,2,27338978250
62900201,2,5,1409636750
62900201,3,6,830046250
62900201,4,7,289740750
62900201,5,9,0
64200101,1,5,1409612250
64200101,2,6,830037250
64200101,3,7,289738500
64200101,4,9,0
64200101,5,10,0
66116001,1,1,450196951500
66116001,2,2,27338978250
66116001,3,5,1409640750
66116001,4,3,1408458250
66116001,5,6,830053250
70100520,1,3,1408308750
70100520,2,6,829930500
70100520,3,7,289720250
70100520,4,9,0
70100520,5,10,0
70101220,1,2,27338978000
70101220,2,5,1409491000
70101220,3,7,289698000
70101220,4,9,0
70101220,5,10,0
70101510,1,2,27338977250
70101510,2,6,829761250
70101510,3,7,289577750
70101510,4,9,0
70101510,5,10,0
70102001,1,3,1408008000
70102001,2,6,829784750
70102001,3,7,289568750
70102001,4,9,0
70102001,5,10,0
70102101,1,2,27338926000
70102101,2,3,1408407250
70102101,3,7,289713250
70102101,4,9,0
70102101,5,10,0
70102301,1,2,27338482500
70102301,2,6,828790000
70102301,3,7,289278500
70102301,4,9,0
70102301,5,10,0
70102701,1,3,1408353000
70102701,2,6,829892000
70102701,3,7,289707000
70102701,4,9,0
70102701,5,10,0
70103601,1,2,27338978250
70103601,2,3,1408343250
70103601,3,6,829826250
70103601,4,7,289719000
70103601,5,9,0
70103701,1,3,1408061750
70103701,2,6,829737000
70103701,3,7,289606750
70103701,4,9,0
70103701,5,10,0
70103801,1,5,1409639750
70103801,2,3,1408457250
70103801,3,6,830046500
70103801,4,7,289751000
70103801,5,9,0
70104401,1,5,1409615000
70104401,2,3,1408423750
70104401,3,7,289731000
70104401,4,9,0
70104401,5,10,0
70104790,1,3,1407660750
70104790,2,6,829193250
70104790,3,7,289392250
70104790,4,9,0
70104790,5,10,0
70105200,1,2,27336276750
70105200,2,6,828766000
70105200,3,7,289212250
70105200,4,9,0
70105200,5,10,0
70105701,1,3,1408325750
70105701,2,6,829965500
70105701,3,7,289738500
70105701,4,9,0
70105701,5,10,0
70106101,1,2,27338977750
70106101,2,5,1409640750
70106101,3,3,1408458250
70106101,4,6,830053250
70106101,5,7,289751000
70106501,1,2,27338977750
70106501,2,6,830040750
70106501,3,7,289748000
70106501,4,9,0
70106501,5,10,0
70108560,1,3,1402203750
70108560,2,6,827664000
70108560,3,7,288869750
70108560,4,9,0
70108560,5,10,0
70109001,1,3,1408457250
70109001,2,6,830051500
70109001,3,7,289750000
70109001,4,9,0
70109001,5,10,0
70109601,1,2,27338829750
70109601,2,6,829210000
70109601,3,7,289038250
70109601,4,9,0
70109601,5,10,0
70110501,1,2,27338701000
70110501,2,5,1409640750
70110501,3,3,1408458250
70110501,4,6,830053250
70110501,5,7,289751000
70111401,1,3,1408455750
70111401,2,6,830048250
70111401,3,7,289748000
70111401,4,9,0
70111401,5,10,0
70111501,1,3,1408456250
70111501,2,6,830050750
70111501,3,7,289749000
70111501,4,9,0
70111501,5,10,0
70111601,1,3,1408146000
70111601,2,6,829560750
70111601,3,7,289586750
70111601,4,9,0
70111601,5,10,0
70111701,1,3,1407834000
70111701,2,6,829648750
70111701,3,7,289621750
70111701,4,9,0
70111701,5,10,0
70112101,1,5,1407709500
70112101,2,3,1406825750
70112101,3,7,288907250
70112101,4,9,0
70112101,5,10,0
70112301,1,2,27337191250
70112301,2,5,1409640750
70112301,3,3,1408458250
70112301,4,6,830053250
70112301,5,7,289751000
70113501,1,3,1408193000
70113501,2,6,829823750
70113501,3,7,289569750
70113501,4,9,0
70113501,5,10,0
70113701,1,2,27338977250
70113701,2,5,1409640750
70113701,3,3,1408458250
70113701,4,6,830053250
70113701,5,7,289751000
70116401,1,3,1408202750
70116401,2,6,829759000
70116401,3,7,289700750
70116401,4,9,0
70116401,5,10,0
70116901,1,2,27338829000
70116901,2,6,829719500
70116901,3,7,289701750
70116901,4,9,0
70116901,5,10,0
70119600,1,3,1408417250
70119600,2,6,830032000
70119600,3,7,289723500
70119600,4,9,0
70119600,5,10,0
70119901,1,3,1408002750
70119901,2,6,829420000
70119901,3,7,289740500
70119901,4,9,0
70119901,5,10,0
70120910,1,3,1407562000
70120910,2,6,829711500
70120910,3,7,289529750
70120910,4,9,0
70120910,5,10,0
70125501,1,5,1409640250
70125501,2,3,1408457750
70125501,3,7,289750500
70125501,4,9,0
70125501,5,10,0
70126901,1,5,1409616750
70126901,2,3,1408425250
70126901,3,6,830053250
70126901,4,7,289751000
70126901,5,9,0
70127301,1,3,1408148250
70127301,2,6,829826750
70127301,3,7,289702250
70127301,4,9,0
70127301,5,10,0
70131200,1,5,1404313500
70131200,2,6,827587500
70131200,3,7,288692750
70131200,4,9,0
70131200,5,10,0
70132520,1,2,27338908250
70132520,2,3,1408363250
70132520,3,6,830052250
70132520,4,7,289751000
70132520,5,9,0
70132830,1,3,1407860500
70132830,2,6,829739750
70132830,3,7,289621500
70132830,4,9,0
70132830,5,10,0
70135010,1,5,1409639750
70135010,2,3,1408457750
70135010,3,6,830052750
70135010,4,7,289751000
70135010,5,9,0
70137001,1,3,1408227750
70137001,2,6,829573750
70137001,3,7,289553750
70137001,4,9,0
70137001,5,10,0
70137301,1,3,1408272000
70137301,2,6,829865750
70137301,3,7,289673000
70137301,4,9,0
70137301,5,10,0
70137801,1,3,1408444250
70137801,2,6,830046000
70137801,3,7,289750000
70137801,4,9,0
70137801,5,10,0
70138230,1,3,1406839250
70138230,2,6,828271250
70138230,3,7,288940000
70138230,4,9,0
70138230,5,10,0
70139301,1,2,27338521250
70139301,2,6,829411000
70139301,3,7,289417250
70139301,4,9,0
70139301,5,10,0
70139500,1,5,1409590250
70139500,2,3,1408451750
70139500,3,6,830020500
70139500,4,9,0
70139500,5,10,0
70141110,1,2,27338977250
70141110,2,3,1408458250
70141110,3,6,830033000
70141110,4,7,289751000
70141110,5,9,0
70141901,1,2,27338976250
70141901,2,5,1409640750
70141901,3,3,1408458250
70141901,4,6,830052250
70141901,5,7,289751000
70142450,1,3,1407837500
70142450,2,6,829136250
70142450,3,7,289418000
70142450,4,9,0
70142450,5,10,0
70143050,1,3,1408410250
70143050,2,6,830023750
70143050,3,7,289729250
70143050,4,9,0
70143050,5,10,0
70143450,1,2,27338970250
70143450,2,5,1409002500
70143450,3,7,289531250
70143450,4,9,0
70143450,5,10,0
70148201,1,2,27338978250
70148201,2,5,1409607000
70148201,3,6,830028500
70148201,4,7,289751000
70148201,5,9,0
70158001,1,5,1409522250
70158001,2,3,1408311750
70158001,3,7,289662000
70158001,4,9,0
70158001,5,10,0
70159901,1,5,1409622250
70159901,2,3,1408449250
70159901,3,7,289737250
70159901,4,9,0
70159901,5,10,0
70176701,1,2,27337924750
70176701,2,6,829158750
70176701,3,7,289499000
70176701,4,9,0
70176701,5,10,0
70176901,1,5,1409618250
70176901,2,6,830040500
70176901,3,7,289746500
70176901,4,9,0
70176901,5,10,0
70201750,1,5,1407604250
70201750,2,6,829102750
70201750,3,7,289165500
70201750,4,9,0
70201750,5,10,0
70203401,1,2,27338887750
70203401,2,3,1408342500
70203401,3,7,289736750
70203401,4,9,0
70203401,5,10,0
70206001,1,5,1408756000
70206001,2,6,829541500
70206001,3,7,289635250
70206001,4,9,0
70206001,5,10,0
70206501,1,2,27338975750
70206501,2,5,1409639750
70206501,3,6,830051000
70206501,4,7,289751000
70206501,5,9,0
70209901,1,3,1406388250
70209901,2,6,829234250
70209901,3,7,289480500
70209901,4,9,0
70209901,5,10,0
70210001,1,5,1408920750
70210001,2,6,829701250
70210001,3,7,289638500
70210001,4,9,0
70210001,5,10,0
70210501,1,5,1409446500
70210501,2,6,829862000
70210501,3,7,289669250
70210501,4,9,0
70210501,5,10,0
70216601,1,2,27336393500
70216601,2,6,829344250
70216601,3,7,289687500
70216601,4,9,0
70216601,5,10,0
70217301,1,5,1408549750
70217301,2,6,829499000
70217301,3,7,289598750
70217301,4,9,0
70217301,5,10,0
70219720,1,1,450200904300
70219720,2,2,27338978250
70219720,3,5,1409640750
70219720,4,3,1408458250
70219720,5,6,830053250
70220010,1,3,1407790000
70220010,2,6,829400750
70220010,3,7,289491750
70220010,4,9,0
70220010,5,10,0
70226700,1,3,1408033500
70226700,2,6,829468500
70226700,3,7,289524000
70226700,4,9,0
70226700,5,10,0
70227201,1,3,1407703750
70227201,2,6,829262750
70227201,3,7,289448000
70227201,4,9,0
70227201,5,10,0
70237801,1,5,1409628750
70237801,2,3,1408421500
70237801,3,7,289741250
70237801,4,9,0
70237801,5,10,0
70267001,1,5,1408471750
70267001,2,3,1407627500
70267001,3,7,289175250
70267001,4,9,0
70267001,5,10,0
70277001,1,3,1408327750
70277001,2,6,829966250
70277001,3,7,289720000
70277001,4,9,0
70277001,5,10,0
70277101,1,3,1406510250
70277101,2,6,828590000
70277101,3,7,289245250
70277101,4,9,0
70277101,5,10,0
70307901,1,5,1409573500
70307901,2,3,1408382500
70307901,3,7,289731500
70307901,4,9,0
70307901,5,10,0
70400701,1,2,27338939250
70400701,2,6,829382250
70400701,3,7,289614000
70400701,4,9,0
70400701,5,10,0
70401701,1,3,1405176000
70401701,2,6,827713000
70401701,3,7,288710750
70401701,4,9,0
70401701,5,10,0
70401901,1,5,1409640750
70401901,2,3,1408457250
70401901,3,6,830052500
70401901,4,7,289751000
70401901,5,9,0
70501340,1,2,27338976250
70501340,2,5,1408980500
70501340,3,7,289406000
70501340,4,9,0
70501340,5,10,0
70501701,1,5,1409471500
70501701,2,3,1408313250
70501701,3,7,289692750
70501701,4,9,0
70501701,5,10,0
70502001,1,2,27338978250
70502001,2,5,1408826000
70502001,3,6,829720500
70502001,4,7,289641750
70502001,5,9,0
70502201,1,5,1409422250
70502201,2,6,829929750
70502201,3,7,289701500
70502201,4,9,0
70502201,5,10,0
70502410,1,2,27338978000
70502410,2,5,1409624750
70502410,3,3,1408442250
70502410,4,6,830039750
70502410,5,7,289751000
70504001,1,2,27338972750
70504001,2,5,1409640750
70504001,3,3,1408457250
70504001,4,7,289749500
70504001,5,9,0
70504301,1,2,27338972250
70504301,2,5,1409637750
70504301,3,3,1408452250
70504301,4,6,830053250
70504301,5,7,289751000
70505101,1,3,1407827750
70505101,2,6,829835250
70505101,3,7,289675250
70505101,4,9,0
70505101,5,10,0
70505501,1,2,27338977000
70505501,2,5,1409640750
70505501,3,3,1408456250
70505501,4,6,830053250
70505501,5,7,289751000
70507101,1,2,27338974500
70507101,2,6,829373250
70507101,3,7,289521250
70507101,4,9,0
70507101,5,10,0
70507201,1,5,1409617500
70507201,2,3,1408454500
70507201,3,6,830017250
70507201,4,7,289751000
70507201,5,9,0
70507501,1,3,1407540500
70507501,2,6,829261500
70507501,3,7,289485250
70507501,4,9,0
70507501,5,10,0
70508001,1,5,1409597500
70508001,2,3,1408397500
70508001,3,6,830052750
70508001,4,7,289751000
70508001,5,9,0
70508201,1,5,1409621250
70508201,2,6,830029250
70508201,3,7,289748000
70508201,4,9,0
70508201,5,10,0
70509201,1,5,1409366750
70509201,2,6,829819000
70509201,3,7,289711250
70509201,4,9,0
70509201,5,10,0
70510201,1,5,1408346000
70510201,2,3,1406842000
70510201,3,7,289112750
70510201,4,9,0
70510201,5,10,0
70510701,1,5,1409616000
70510701,2,3,1408449000
70510701,3,7,289750500
70510701,4,9,0
70510701,5,10,0
70511901,1,5,1408996000
70511901,2,6,829714500
70511901,3,7,289646250
70511901,4,9,0
70511901,5,10,0
70512901,1,2,27338891250
70512901,2,5,1409522500
70512901,3,7,289749000
70512901,4,9,0
70512901,5,10,0
70513101,1,3,1408185750
70513101,2,6,829922250
70513101,3,7,289664750
70513101,4,9,0
70513101,5,10,0
70513420,1,2,27338844000
70513420,2,6,829569000
70513420,3,7,289511000
70513420,4,9,0
70513420,5,10,0
70513501,1,3,1408187500
70513501,2,6,829854750
70513501,3,7,289591500
70513501,4,9,0
70513501,5,10,0
70513701,1,3,1408295250
70513701,2,6,829882750
70513701,3,7,289710000
70513701,4,9,0
70513701,5,10,0
70513801,1,3,1408421750
70513801,2,6,830025750
70513801,3,7,289728750
70513801,4,9,0
70513801,5,10,0
70514001,1,3,1408117750
70514001,2,6,829760750
70514001,3,7,289715500
70514001,4,9,0
70514001,5,10,0
70514401,1,5,1409516000
70514401,2,6,830031500
70514401,3,7,289748500
70514401,4,9,0
70514401,5,10,0
70514501,1,5,1409517250
70514501,2,6,829984250
70514501,3,7,289727500
70514501,4,9,0
70514501,5,10,0
70515101,1,5,1409331750
70515101,2,3,1408357500
70515101,3,7,289692250
70515101,4,9,0
70515101,5,10,0
70515501,1,3,1406610000
70515501,2,6,828743500
70515501,3,7,289405750
70515501,4,9,0
70515501,5,10,0
70516701,1,3,1408075500
70516701,2,6,829704000
70516701,3,7,289651250
70516701,4,9,0
70516701,5,10,0
70517001,1,5,1409614250
70517001,2,3,1408427250
70517001,3,6,830022250
70517001,4,7,289740000
70517001,5,9,0
70517201,1,5,1408876250
70517201,2,6,829674000
70517201,3,7,289649250
70517201,4,9,0
70517201,5,10,0
70517401,1,5,1409251250
70517401,2,6,829853750
70517401,3,7,289554750
70517401,4,9,0
70517401,5,10,0
70517650,1,2,27338977750
70517650,2,5,1409640750
70517650,3,3,1408458250
70517650,4,6,830053250
70517650,5,7,289751000
70518201,1,3,1408228750
70518201,2,6,829899500
70518201,3,7,289693500
70518201,4,9,0
70518201,5,10,0
70519600,1,3,1408031500
70519600,2,6,829754250
70519600,3,7,289674750
70519600,4,9,0
70519600,5,10,0
70524301,1,5,1409613750
70524301,2,3,1408432750
70524301,3,7,289737250
70524301,4,9,0
70524301,5,10,0
70525801,1,2,27338517250
70525801,2,6,829656000
70525801,3,7,289645750
70525801,4,9,0
70525801,5,10,0
70526901,1,3,1407626750
70526901,2,6,829834750
70526901,3,7,289727000
70526901,4,9,0
70526901,5,10,0
70528820,1,3,1407718000
70528820,2,6,829876250
70528820,3,7,289703500
70528820,4,9,0
70528820,5,10,0
70529520,1,5,1409124750
70529520,2,6,829850750
70529520,3,7,289628750
70529520,4,9,0
70529520,5,10,0
70535201,1,5,1409550250
70535201,2,6,829968750
70535201,3,7,289726750
70535201,4,9,0
70535201,5,10,0
70535401,1,5,1409620750
70535401,2,3,1408454250
70535401,3,6,830050750
70535401,4,7,289751000
70535401,5,9,0
70535601,1,5,1409449750
70535601,2,6,829951000
70535601,3,7,289692500
70535601,4,9,0
70535601,5,10,0
70538901,1,5,1409387250
70538901,2,6,829931000
70538901,3,7,289724750
70538901,4,9,0
70538901,5,10,0
70539901,1,2,27338977250
70539901,2,5,1409638250
70539901,3,3,1408455750
70539901,4,7,289751000
70539901,5,9,0
70554301,1,3,1405205750
70554301,2,6,827702750
70554301,3,7,288963250
70554301,4,9,0
70554301,5,10,0
70597801,1,3,1407861000
70597801,2,6,829539250
70597801,3,7,289518250
70597801,4,9,0
70597801,5,10,0
70597901,1,5,1409639250
70597901,2,3,1408457750
70597901,3,7,289750500
70597901,4,9,0
70597901,5,10,0
70598001,1,3,1408276250
70598001,2,6,829844750
70598001,3,7,289685500
70598001,4,9,0
70598001,5,10,0
70598201,1,2,27338844000
70598201,2,5,1409640750
70598201,3,3,1408458250
70598201,4,6,830053250
70598201,5,7,289751000
70598301,1,3,1408445250
70598301,2,6,830048750
70598301,3,7,289743500
70598301,4,9,0
70598301,5,10,0
70598401,1,5,1409607000
70598401,2,3,1408427250
70598401,3,7,289741250
70598401,4,9,0
70598401,5,10,0
70598501,1,5,1409627750
70598501,2,3,1408458250
70598501,3,6,830050750
70598501,4,7,289751000
70598501,5,9,0
70700401,1,5,1408869500
70700401,2,6,829630000
70700401,3,7,289478000
70700401,4,9,0
70700401,5,10,0
70701401,1,2,27338754000
70701401,2,6,829742500
70701401,3,7,289617250
70701401,4,9,0
70701401,5,10,0
70701701,1,3,1408428500
70701701,2,6,830014250
70701701,3,7,289737000
70701701,4,9,0
70701701,5,10,0
70702001,1,1,450197335800
70702001,2,2,27338978250
70702001,3,5,1409640750
70702001,4,3,1408458250
70702001,5,6,830053250
70703901,1,5,1408982250
70703901,2,6,829466750
70703901,3,7,289547750
70703901,4,9,0
70703901,5,10,0
70705901,1,3,1406741500
70705901,2,6,828352750
70705901,3,7,289069500
70705901,4,9,0
70705901,5,10,0
70717101,1,3,1408001500
70717101,2,6,829646500
70717101,3,7,289641750
70717101,4,9,0
70717101,5,10,0
70717201,1,5,1409587750
70717201,2,3,1408428250
70717201,3,7,289719250
70717201,4,9,0
70717201,5,10,0
70800101,1,5,1401580000
70800101,2,6,825897000
70800101,3,7,288372250
70800101,4,9,0
70800101,5,10,0
70800520,1,3,1407472500
70800520,2,6,829400250
70800520,3,7,289299250
70800520,4,9,0
70800520,5,10,0
70802020,1,2,27338978250
70802020,2,3,1408163750
70802020,3,6,829907250
70802020,4,7,289710000
70802020,5,9,0
70802520,1,2,27338978250
70802520,2,5,1409626500
70802520,3,6,830052750
70802520,4,7,289751000
70802520,5,9,0
70802720,1,5,1409309750
70802720,2,3,1407970250
70802720,3,7,289535250
70802720,4,9,0
70802720,5,10,0
70803301,1,3,1406223000
70803301,2,6,828126500
70803301,3,7,288904500
70803301,4,9,0
70803301,5,10,0
70805201,1,1,450200905300
70805201,2,2,27338978000
70805201,3,5,1409640750
70805201,4,3,1408458250
70805201,5,6,830053250
70805801,1,3,1406200250
70805801,2,6,828727000
70805801,3,7,289170750
70805801,4,9,0
70805801,5,10,0
70806101,1,3,1408032500
70806101,2,6,829823500
70806101,3,7,289701500
70806101,4,9,0
70806101,5,10,0
70806401,1,5,1409639750
70806401,2,3,1408458250
70806401,3,6,830051250
70806401,4,7,289751000
70806401,5,9,0
70807301,1,5,1409542500
70807301,2,3,1408458250
70807301,3,6,830050500
70807301,4,7,289751000
70807301,5,9,0
70808901,1,5,1409631000
70808901,2,3,1408451250
70808901,3,7,289746500
70808901,4,9,0
70808901,5,10,0
70809930,1,2,27338394750
70809930,2,3,1406879500
70809930,3,7,289049500
70809930,4,9,0
70809930,5,10,0
70810650,1,3,1406422750
70810650,2,6,828871750
70810650,3,7,289462500
70810650,4,9,0
70810650,5,10,0
70811101,1,5,1409252250
70811101,2,6,829920750
70811101,3,7,289710250
70811101,4,9,0
70811101,5,10,0
70811301,1,5,1409145000
70811301,2,6,829621250
70811301,3,7,289627250
70811301,4,9,0
70811301,5,10,0
70811401,1,5,1409207500
70811401,2,6,829673750
70811401,3,7,289593000
70811401,4,9,0
70811401,5,10,0
70811501,1,3,1408353500
70811501,2,6,830019250
70811501,3,7,289747500
70811501,4,9,0
70811501,5,10,0
70812450,1,5,1408387000
70812450,2,6,829842750
70812450,3,7,289659750
70812450,4,9,0
70812450,5,10,0
70813501,1,2,27338978250
70813501,2,3,1408408250
70813501,3,6,830015000
70813501,4,7,289739000
70813501,5,9,0
70814301,1,5,1409604250
70814301,2,3,1408397500
70814301,3,7,289739750
70814301,4,9,0
70814301,5,10,0
70814620,1,2,27338978250
70814620,2,5,1409369250
70814620,3,6,829913750
70814620,4,7,289702250
70814620,5,9,0
70816401,1,5,1408908500
70816401,2,6,829462500
70816401,3,7,289508500
70816401,4,9,0
70816401,5,10,0
70817801,1,5,1409582750
70817801,2,6,830019250
70817801,3,7,289733000
70817801,4,9,0
70817801,5,10,0
70818001,1,3,1408280750
70818001,2,6,829906500
70818001,3,7,289698250
70818001,4,9,0
70818001,5,10,0
70818101,1,5,1409537250
70818101,2,3,1408373000
70818101,3,7,289744750
70818101,4,9,0
70818101,5,10,0
70818701,1,5,1409285000
70818701,2,6,829899000
70818701,3,7,289664000
70818701,4,9,0
70818701,5,10,0
70818901,1,5,1409533750
70818901,2,3,1408457250
70818901,3,6,830046500
70818901,4,9,0
70818901,5,10,0
70827001,1,5,1409579250
70827001,2,6,829992750
70827001,3,7,289707250
70827001,4,9,0
70827001,5,10,0
70828201,1,5,1409585250
70828201,2,6,829961750
70828201,3,7,289726000
70828201,4,9,0
70828201,5,10,0
70829901,1,3,1407100750
70829901,2,6,828785750
70829901,3,7,289320250
70829901,4,9,0
70829901,5,10,0
70854301,1,3,1406282250
70854301,2,6,828785000
70854301,3,7,289307000
70854301,4,9,0
70854301,5,10,0
70887301,1,2,27338514500
70887301,2,6,829460250
70887301,3,7,289534750
70887301,4,9,0
70887301,5,10,0
70900201,1,3,1408254750
70900201,2,6,829952000
70900201,3,7,289715500
70900201,4,9,0
70900201,5,10,0
70900601,1,3,1408018750
70900601,2,6,829766250
70900601,3,7,289664250
70900601,4,9,0
70900601,5,10,0
70901001,1,2,27338908750
70901001,2,6,829449000
70901001,3,7,289600500
70901001,4,9,0
70901001,5,10,0
70901701,1,2,27338977750
70901701,2,3,1408452500
70901701,3,7,289749000
70901701,4,9,0
70901701,5,10,0
70902101,1,3,1408034750
70902101,2,6,829505000
70902101,3,7,289559750
70902101,4,9,0
70902101,5,10,0
70902301,1,5,1409379000
70902301,2,3,1408283250
70902301,3,7,289692000
70902301,4,9,0
70902301,5,10,0
70902401,1,1,450199027500
70902401,2,2,27338978250
70902401,3,5,1409640750
70902401,4,3,1408458250
70902401,5,6,830053250
70902601,1,5,1409638750
70902601,2,3,1408458250
70902601,3,6,830050250
70902601,4,7,289744000
70902601,5,9,0
70903001,1,5,1409618750
70903001,2,3,1408444750
70903001,3,7,289725750
70903001,4,9,0
70903001,5,10,0
70903201,1,1,450200905300
70903201,2,2,27338977750
70903201,3,5,1409640750
70903201,4,3,1408458250
70903201,5,6,830053250
70904560,1,3,1408420000
70904560,2,6,830032500
70904560,3,7,289740500
70904560,4,9,0
70904560,5,10,0
70904901,1,2,27338978000
70904901,2,5,1409616000
70904901,3,3,1408430500
70904901,4,7,289751000
70904901,5,9,0
70907620,1,5,1405203750
70907620,2,6,826511500
70907620,3,7,288544750
70907620,4,9,0
70907620,5,10,0
70908501,1,2,27338978250
70908501,2,3,1407470000
70908501,3,6,829405000
70908501,4,7,289506500
70908501,5,9,0
70909220,1,2,27338978250
70909220,2,3,1407393000
70909220,3,6,828773000
70909220,4,7,289462750
70909220,5,9,0
70909630,1,3,1406276500
70909630,2,6,828441250
70909630,3,7,289233500
70909630,4,9,0
70909630,5,10,0
70910301,1,2,27338756500
70910301,2,3,1408276750
70910301,3,7,289681250
70910301,4,9,0
70910301,5,10,0
70916701,1,3,1407757000
70916701,2,6,829479250
70916701,3,7,289370500
70916701,4,9,0
70916701,5,10,0
70917601,1,2,27338931250
70917601,2,6,829227000
70917601,3,7,289425750
70917601,4,9,0
70917601,5,10,0
70917701,1,5,1409606250
70917701,2,3,1408409750
70917701,3,6,830053250
70917701,4,7,289747000
70917701,5,9,0
71100101,1,5,1409005000
71100101,2,6,829737500
71100101,3,7,289663000
71100101,4,9,0
71100101,5,10,0
71100401,1,5,1409544750
71100401,2,6,829962250
71100401,3,7,289714750
71100401,4,9,0
71100401,5,10,0
71104201,1,5,1409483000
71104201,2,6,829978250
71104201,3,7,289725750
71104201,4,9,0
71104201,5,10,0
71217101,1,3,1407712500
71217101,2,6,829848250
71217101,3,7,289626750
71217101,4,9,0
71217101,5,10,0
71217201,1,5,1409640750
71217201,2,3,1408458250
71217201,3,6,830051750
71217201,4,7,289750500
71217201,5,9,0
71300101,1,3,1407737750
71300101,2,6,829890000
71300101,3,7,289651750
71300101,4,9,0
71300101,5,10,0
71415700,1,2,27338949250
71415700,2,6,827828250
71415700,3,7,289400500
71415700,4,9,0
71415700,5,10,0
71600201,1,5,1409613750
71600201,2,3,1408434750
71600201,3,7,289737000
71600201,4,9,0
71600201,5,10,0
71600301,1,2,27338971000
71600301,2,6,829867250
71600301,3,7,289709250
71600301,4,9,0
71600301,5,10,0
71600601,1,5,1409145750
71600601,2,6,829814000
71600601,3,7,289682000
71600601,4,9,0
71600601,5,10,0
71600701,1,5,1409544250
71600701,2,6,830010250
71600701,3,7,289744000
71600701,4,9,0
71600701,5,10,0
71600801,1,2,27338475750
71600801,2,6,829678750
71600801,3,7,289682250
71600801,4,9,0
71600801,5,10,0
71600901,1,3,1408452750
71600901,2,6,830041250
71600901,3,7,289749500
71600901,4,9,0
71600901,5,10,0
71601101,1,2,27338978250
71601101,2,5,1409636250
71601101,3,3,1408453750
71601101,4,7,289751000
71601101,5,9,0
71601201,1,3,1408452500
71601201,2,6,830048750
71601201,3,7,289749750
71601201,4,9,0
71601201,5,10,0
71605601,1,5,1409639750
71605601,2,3,1408458250
71605601,3,6,830041250
71605601,4,7,289751000
71605601,5,9,0
71606401,1,5,1409585750
71606401,2,6,830007250
71606401,3,7,289743750
71606401,4,9,0
71606401,5,10,0
71607901,1,5,1409547250
71607901,2,6,829968500
71607901,3,7,289729250
71607901,4,9,0
71607901,5,10,0
71619901,1,3,1408320750
71619901,2,6,829973750
71619901,3,7,289716250
71619901,4,9,0
71619901,5,10,0
71900001,1,2,27338970250
71900001,2,6,829923500
71900001,3,7,289701750
71900001,4,9,0
71900001,5,10,0
71900301,1,2,27338973750
71900301,2,5,1409640750
71900301,3,3,1408458250
71900301,4,6,830053250
71900301,5,7,289751000
71900401,1,5,1409619750
71900401,2,3,1408443750
71900401,3,7,289743000
71900401,4,9,0
71900401,5,10,0
71900501,1,2,27338970250
71900501,2,5,1409640750
71900501,3,3,1408458250
71900501,4,6,830053250
71900501,5,7,289751000
71900601,1,5,1409580750
71900601,2,6,830011750
71900601,3,7,289735000
71900601,4,9,0
71900601,5,10,0
71900701,1,2,27338961750
71900701,2,5,1409640750
71900701,3,3,1408458250
71900701,4,6,830053250
71900701,5,7,289751000
71900901,1,1,450200091500
71900901,2,2,27338978250
71900901,3,5,1409640750
71900901,4,3,1408458250
71900901,5,6,830053250
71901001,1,2,27335014250
71901001,2,5,1409640750
71901001,3,3,1408458250
71901001,4,6,830053250
71901001,5,7,289751000
71901101,1,1,450200858600
71901101,2,2,27338978250
71901101,3,5,1409640750
71901101,4,3,1408458250
71901101,5,6,830053250
71901201,1,1,450198412400
71901201,2,2,27338978250
71901201,3,5,1409640750
71901201,4,3,1408458250
71901201,5,6,830053250
71901401,1,1,450200903800
71901401,2,2,27338978250
71901401,3,5,1409640750
71901401,4,3,1408458250
71901401,5,6,830053250
72100101,1,5,1409625000
72100101,2,3,1408447250
72100101,3,7,289745000
72100101,4,9,0
72100101,5,10,0
72100201,1,3,1408344000
72100201,2,6,829941750
72100201,3,7,289712000
72100201,4,9,0
72100201,5,10,0
72100301,1,2,27327225000
72100301,2,5,1409640750
72100301,3,3,1408458250
72100301,4,6,830053250
72100301,5,7,289742000
72100401,1,5,1409407000
72100401,2,6,829855000
72100401,3,7,289660250
72100401,4,9,0
72100401,5,10,0
72100601,1,2,27338978250
72100601,2,5,1409640250
72100601,3,3,1408456750
72100601,4,7,289751000
72100601,5,9,0
72100801,1,2,27338976750
72100801,2,5,1409640750
72100801,3,3,1408458250
72100801,4,6,830053250
72100801,5,7,289751000
72100901,1,2,27338973250
72100901,2,3,1408426750
72100901,3,7,289671750
72100901,4,9,0
72100901,5,10,0
72101001,1,1,450198895450
72101001,2,2,27338978250
72101001,3,5,1409640750
72101001,4,3,1408458250
72101001,5,6,830053250
72101101,1,2,27338893000
72101101,2,5,1409640750
72101101,3,3,1408458250
72101101,4,6,830053250
72101101,5,7,289751000
72101201,1,5,1409640750
72101201,2,3,1408458250
72101201,3,6,830049250
72101201,4,7,289749000
72101201,5,9,0
72200001,1,2,27338961000
72200001,2,5,1409640750
72200001,3,3,1408458250
72200001,4,6,830053250
72200001,5,7,289751000
80100410,1,2,27338971250
80100410,2,6,827386250
80100410,3,7,288869250
80100410,4,9,0
80100410,5,10,0
80100501,1,3,1408381750
80100501,2,6,829987500
80100501,3,7,289739250
80100501,4,9,0
80100501,5,10,0
80100801,1,3,1407926000
80100801,2,6,829786000
80100801,3,7,289634250
80100801,4,9,0
80100801,5,10,0
80101310,1,2,27338978000
80101310,2,3,1408013250
80101310,3,6,829874500
80101310,4,7,289751000
80101310,5,9,0
80102600,1,3,1407407000
80102600,2,6,828179250
80102600,3,7,288445750
80102600,4,9,0
80102600,5,10,0
80105101,1,5,1409637750
80105101,2,3,1408457250
80105101,3,6,830052250
80105101,4,7,289751000
80105101,5,9,0
80105601,1,2,27338977750
80105601,2,3,1408001500
80105601,3,7,289443750
80105601,4,9,0
80105601,5,10,0
80109301,1,5,1409561500
80109301,2,6,829989250
80109301,3,7,289693000
80109301,4,9,0
80109301,5,10,0
80109901,1,5,1409531000
80109901,2,6,829988000
80109901,3,7,289718500
80109901,4,9,0
80109901,5,10,0
80110101,1,3,1408148250
80110101,2,6,829989250
80110101,3,7,289728500
80110101,4,9,0
80110101,5,10,0
80110301,1,2,27337058500
80110301,2,5,1409640750
80110301,3,3,1408458250
80110301,4,6,830051750
80110301,5,7,289751000
80110401,1,5,1409341750
80110401,2,3,1407951750
80110401,3,6,830025250
80110401,4,7,289751000
80110401,5,9,0
80110701,1,3,1402594000
80110701,2,6,828865750
80110701,3,7,289411500
80110701,4,9,0
80110701,5,10,0
80110801,1,2,27338976500
80110801,2,5,1409640750
80110801,3,3,1408458250
80110801,4,6,830053250
80110801,5,7,289751000
80111001,1,2,27338978250
80111001,2,5,1409640750
80111001,3,3,1408458250
80111001,4,6,830052750
80111001,5,7,289751000
80111301,1,2,27338978250
80111301,2,3,1408303000
80111301,3,6,829870500
80111301,4,7,289667500
80111301,5,9,0
80111401,1,3,1408025000
80111401,2,6,829426500
80111401,3,7,289428000
80111401,4,9,0
80111401,5,10,0
80111501,1,5,1409624250
80111501,2,3,1408458250
80111501,3,6,830049250
80111501,4,7,289741000
80111501,5,9,0
80111801,1,3,1407727750
80111801,2,6,830031500
80111801,3,7,289747250
80111801,4,9,0
80111801,5,10,0
80112301,1,5,1408565500
80112301,2,6,829592500
80112301,3,7,289519750
80112301,4,9,0
80112301,5,10,0
80112501,1,1,450200903800
80112501,2,2,27338978250
80112501,3,5,1409640750
80112501,4,3,1408458250
80112501,5,6,830053250
80112601,1,1,450198463500
80112601,2,2,27338978250
80112601,3,5,1409640750
80112601,4,3,1408458250
80112601,5,6,830053250
80112901,1,1,450199867800
80112901,2,2,27338978250
80112901,3,5,1409640750
80112901,4,3,1408458250
80112901,5,6,830053250
80113120,1,2,27338975750
80113120,2,6,830031500
80113120,3,7,289741000
80113120,4,9,0
80113120,5,10,0
80116100,1,5,1409634750
80116100,2,6,830049250
80116100,3,7,289750000
80116100,4,9,0
80116100,5,10,0
80117401,1,3,1407937000
80117401,2,6,829622000
80117401,3,7,289630250
80117401,4,9,0
80117401,5,10,0
80117601,1,2,27338978250
80117601,2,3,1408443750
80117601,3,6,830035500
80117601,4,7,289728750
80117601,5,9,0
80124201,1,3,1408104500
80124201,2,6,829918000
80124201,3,7,289669750
80124201,4,9,0
80124201,5,10,0
80128101,1,3,1408032750
80128101,2,6,829777500
80128101,3,7,289714750
80128101,4,9,0
80128101,5,10,0
80154301,1,3,1408379500
80154301,2,6,830031750
80154301,3,7,289732000
80154301,4,9,0
80154301,5,10,0
80157801,1,3,1407976500
80157801,2,6,829529750
80157801,3,7,289712250
80157801,4,9,0
80157801,5,10,0
80199830,1,2,27338978250
80199830,2,5,1404827750
80199830,3,6,826517000
80199830,4,7,288601500
80199830,5,9,0
80200401,1,5,1409635250
80200401,2,3,1408458250
80200401,3,6,830014500
80200401,4,7,289751000
80200401,5,9,0
80200901,1,2,27338958750
80200901,2,5,1409640750
80200901,3,3,1408458250
80200901,4,6,830053250
80200901,5,7,289751000
80201210,1,3,1407199250
80201210,2,6,829110250
80201210,3,7,289266000
80201210,4,9,0
80201210,5,10,0
80201901,1,1,450200904800
80201901,2,2,27338978250
80201901,3,5,1409640750
80201901,4,3,1408458250
80201901,5,6,830053250
80203901,1,5,1409368000
80203901,2,6,829956750
80203901,3,7,289717750
80203901,4,9,0
80203901,5,10,0
80204730,1,5,1407541750
80204730,2,3,1407108500
80204730,3,7,288965250
80204730,4,9,0
80204730,5,10,0
80205501,1,5,1409631500
80205501,2,3,1408443500
80205501,3,6,830047250
80205501,4,7,289751000
80205501,5,9,0
80206530,1,5,1409610250
80206530,2,6,830040500
80206530,3,7,289746250
80206530,4,9,0
80206530,5,10,0
80215201,1,5,1409225750
80215201,2,6,829899250
80215201,3,7,289637000
80215201,4,9,0
80215201,5,10,0
80215301,1,5,1409637500
80215301,2,3,1408454250
80215301,3,7,289749750
80215301,4,9,0
80215301,5,10,0
80300710,1,2,27338977750
80300710,2,6,830039250
80300710,3,7,289746500
80300710,4,9,0
80300710,5,10,0
80302301,1,5,1409582000
80302301,2,6,829986500
80302301,3,7,289711000
80302301,4,9,0
80302301,5,10,0
80302401,1,3,1406813250
80302401,2,6,828995250
80302401,3,7,289321500
80302401,4,9,0
80302401,5,10,0
80303201,1,1,450175625500
80303201,2,2,27338978250
80303201,3,5,1409640750
80303201,4,3,1408458250
80303201,5,6,830053250
80303601,1,5,1409633750
80303601,2,3,1408453500
80303601,3,7,289747750
80303601,4,9,0
80303601,5,10,0
80303701,1,1,450200847300
80303701,2,2,27338978250
80303701,3,5,1409640750
80303701,4,3,1408458250
80303701,5,6,830053250
80305850,1,5,1409539250
80305850,2,6,829869500
80305850,3,7,289684500
80305850,4,9,0
80305850,5,10,0
80314600,1,5,1409556500
80314600,2,3,1408413500
80314600,3,7,289664250
80314600,4,9,0
80314600,5,10,0
80318901,1,3,1408436250
80318901,2,6,829982750
80318901,3,7,289744000
80318901,4,9,0
80318901,5,10,0
80354301,1,5,1409368750
80354301,2,6,829899750
80354301,3,7,289668500
80354301,4,9,0
80354301,5,10,0
80354401,1,5,1409526500
80354401,2,6,829834500
80354401,3,7,289682000
80354401,4,9,0
80354401,5,10,0
80354501,1,3,1408371500
80354501,2,6,829873250
80354501,3,7,289680500
80354501,4,9,0
80354501,5,10,0
80354601,1,3,1408044500
80354601,2,6,829734500
80354601,3,7,289604000
80354601,4,9,0
80354601,5,10,0
80354801,1,3,1408457750
80354801,2,6,830049750
80354801,3,7,289747500
80354801,4,9,0
80354801,5,10,0
80354901,1,2,27338974750
80354901,2,3,1408451250
80354901,3,6,830043250
80354901,4,7,289751000
80354901,5,9,0
80355001,1,5,1409505000
80355001,2,6,829993250
80355001,3,7,289738500
80355001,4,9,0
80355001,5,10,0
80400210,1,2,27338978250
80400210,2,5,1408412250
80400210,3,6,829241000
80400210,4,7,289499500
80400210,5,9,0
80401010,1,5,1409164000
80401010,2,3,1408140750
80401010,3,7,289635500
80401010,4,9,0
80401010,5,10,0
80402001,1,1,450199671500
80402001,2,2,27338978250
80402001,3,5,1409640750
80402001,4,3,1408458250
80402001,5,6,830053250
80403101,1,1,450200539700
80403101,2,2,27338978250
80403101,3,5,1409640750
80403101,4,3,1408458250
80403101,5,6,830053250
80404601,1,3,1407968500
80404601,2,6,829789250
80404601,3,7,289652500
80404601,4,9,0
80404601,5,10,0
80417101,1,2,27338978250
80417101,2,5,1409608750
80417101,3,6,830049750
80417101,4,7,289751000
80417101,5,9,0
80500610,1,5,1407658250
80500610,2,6,828911750
80500610,3,7,289466500
80500610,4,9,0
80500610,5,10,0
80500901,1,5,1409267750
80500901,2,6,829715750
80500901,3,7,289577750
80500901,4,9,0
80500901,5,10,0
80700101,1,3,1407180000
80700101,2,6,829536750
80700101,3,7,289594750
80700101,4,9,0
80700101,5,10,0
80700290,1,2,27338978250
80700290,2,3,1408454250
80700290,3,6,830052250
80700290,4,7,289750500
80700290,5,9,0
80700760,1,3,1407860500
80700760,2,6,829638500
80700760,3,7,289545500
80700760,4,9,0
80700760,5,10,0
80702101,1,3,1408321250
80702101,2,6,829726750
80702101,3,7,289686000
80702101,4,9,0
80702101,5,10,0
80702601,1,3,1407874000
80702601,2,6,829525000
80702601,3,7,289512500
80702601,4,9,0
80702601,5,10,0
80900810,1,5,1409158000
80900810,2,3,1408234500
80900810,3,7,289404250
80900810,4,9,0
80900810,5,10,0
80902901,1,1,450200902800
80902901,2,5,1409640750
80902901,3,3,1408458250
80902901,4,6,830053250
80902901,5,7,289751000
80903560,1,2,27338975000
80903560,2,5,1409640250
80903560,3,3,1408458250
80903560,4,6,830053250
80903560,5,7,289751000
80903660,1,3,1408352250
80903660,2,6,829982500
80903660,3,7,289733750
80903660,4,9,0
80903660,5,10,0
80905201,1,3,1405579250
80905201,2,6,827800750
80905201,3,7,289020250
80905201,4,9,0
80905201,5,10,0
80905801,1,5,1409599750
80905801,2,6,830004500
80905801,3,7,289750500
80905801,4,9,0
80905801,5,10,0
80907301,1,2,27337182750
80907301,2,5,1409640750
80907301,3,3,1408458250
80907301,4,6,830053250
80907301,5,7,289751000
80915901,1,3,1408255500
80915901,2,6,829927500
80915901,3,7,289727250
80915901,4,9,0
80915901,5,10,0
81001101,1,2,27338904000
81001101,2,6,829069750
81001101,3,7,289461000
81001101,4,9,0
81001101,5,10,0
81002510,1,2,27338678250
81002510,2,6,828163500
81002510,3,7,289069250
81002510,4,9,0
81002510,5,10,0
81005501,1,2,27338900000
81005501,2,6,828222250
81005501,3,7,289118500
81005501,4,9,0
81005501,5,10,0
81007301,1,1,450198370500
81007301,2,2,27338978250
81007301,3,5,1409640750
81007301,4,3,1408458250
81007301,5,6,830053250
81023301,1,3,1407901250
81023301,2,6,829637000
81023301,3,7,289571000
81023301,4,9,0
81023301,5,10,0
81100401,1,5,1407639500
81100401,2,6,828899750
81100401,3,7,289224250
81100401,4,9,0
81100401,5,10,0
81100560,1,5,1409418750
81100560,2,3,1408265000
81100560,3,7,289728750
81100560,4,9,0
81100560,5,10,0
81101201,1,2,27338702750
81101201,2,6,829334000
81101201,3,7,289479250
81101201,4,9,0
81101201,5,10,0
81103601,1,2,27338977750
81103601,2,6,829981000
81103601,3,7,289746500
81103601,4,9,0
81103601,5,10,0
81500110,1,2,27338978250
81500110,2,5,1409600500
81500110,3,3,1408432250
81500110,4,7,289749000
81500110,5,9,0
81600401,1,1,450199620100
81600401,2,2,27338978250
81600401,3,5,1409640750
81600401,4,3,1408458250
81600401,5,6,830053250
81600501,1,2,27338907500
81600501,2,6,829678250
81600501,3,7,289520000
81600501,4,9,0
81600501,5,10,0
81600601,1,5,1409603500
81600601,2,6,830034250
81600601,3,7,289721500
81600601,4,9,0
81600601,5,10,0
81602201,1,3,1408214750
81602201,2,6,829929000
81602201,3,7,289707750
81602201,4,9,0
81602201,5,10,0
81616401,1,5,1409127750
81616401,2,6,829857500
81616401,3,7,289644750
81616401,4,9,0
81616401,5,10,0
81701401,1,2,27338865250
81701401,2,6,829966250
81701401,3,7,289741500
81701401,4,9,0
81701401,5,10,0
81702101,1,1,450200903300
81702101,2,2,27338978250
81702101,3,5,1409640750
81702101,4,3,1408458250
81702101,5,6,830053250
81704610,1,5,1408776500
81704610,2,6,829620000
81704610,3,7,289611250
81704610,4,9,0
81704610,5,10,0
81705900,1,5,1407946000
81705900,2,6,829339500
81705900,3,7,289660500
81705900,4,9,0
81705900,5,10,0
81706501,1,3,1408445750
81706501,2,6,830014000
81706501,3,7,289736500
81706501,4,9,0
81706501,5,10,0
81711301,1,5,1409638250
81711301,2,6,830048000
81711301,3,7,289748750
81711301,4,9,0
81711301,5,10,0
81714301,1,3,1405198000
81714301,2,6,828441750
81714301,3,7,288932250
81714301,4,9,0
81714301,5,10,0
81716401,1,5,1409510250
81716401,2,6,829997750
81716401,3,7,289719250
81716401,4,9,0
81716401,5,10,0
81728901,1,2,27335095500
81728901,2,5,1409640750
81728901,3,3,1408458250
81728901,4,6,830053250
81728901,5,7,289751000
81737901,1,5,1409562000
81737901,2,3,1408383250
81737901,3,7,289732250
81737901,4,9,0
81737901,5,10,0
81738001,1,2,27337743750
81738001,2,5,1409640750
81738001,3,3,1408458250
81738001,4,6,830053250
81738001,5,7,289751000
81801701,1,5,1407745000
81801701,2,6,828722000
81801701,3,7,289283500
81801701,4,9,0
81801701,5,10,0
81802690,1,5,1408852500
81802690,2,6,829654500
81802690,3,7,289604500
81802690,4,9,0
81802690,5,10,0
81804201,1,3,1405047000
81804201,2,6,828932750
81804201,3,7,289419500
81804201,4,9,0
81804201,5,10,0
81805301,1,3,1406985750
81805301,2,6,829307750
81805301,3,7,289559250
81805301,4,9,0
81805301,5,10,0
81805501,1,3,1405740750
81805501,2,6,828983750
81805501,3,7,289099250
81805501,4,9,0
81805501,5,10,0
81805801,1,2,27338978250
81805801,2,5,1409640750
81805801,3,3,1408457750
81805801,4,6,830053250
81805801,5,7,289751000
81806101,1,2,27338967250
81806101,2,5,1409631250
81806101,3,6,829998250
81806101,4,7,289751000
81806101,5,9,0
81806501,1,5,1409490250
81806501,2,6,829943250
81806501,3,7,289712250
81806501,4,9,0
81806501,5,10,0
81806601,1,5,1408226000
81806601,2,3,1407282250
81806601,3,7,289461500
81806601,4,9,0
81806601,5,10,0
81807401,1,5,1409603250
81807401,2,3,1408413250
81807401,3,6,829996500
81807401,4,7,289751000
81807401,5,9,0
81807601,1,5,1407336250
81807601,2,6,828677000
81807601,3,7,289374000
81807601,4,9,0
81807601,5,10,0
81807701,1,3,1407955500
81807701,2,6,829536250
81807701,3,7,289597750
81807701,4,9,0
81807701,5,10,0
81808001,1,5,1409598500
81808001,2,6,830031500
81808001,3,7,289736500
81808001,4,9,0
81808001,5,10,0
81808201,1,3,1407742250
81808201,2,6,829643000
81808201,3,7,289682500
81808201,4,9,0
81808201,5,10,0
81808301,1,3,1407159000
81808301,2,6,829774000
81808301,3,7,289676500
81808301,4,9,0
81808301,5,10,0
81808601,1,1,450200790800
81808601,2,2,27338978250
81808601,3,5,1409640750
81808601,4,3,1408458250
81808601,5,6,830053250
81808701,1,3,1408132000
81808701,2,6,829939000
81808701,3,7,289704250
81808701,4,9,0
81808701,5,10,0
81808801,1,2,27337784750
81808801,2,5,1409640750
81808801,3,3,1408458250
81808801,4,6,830053250
81808801,5,7,289751000
81808901,1,1,450200119700
81808901,2,2,27338978250
81808901,3,5,1409640750
81808901,4,3,1408458250
81808901,5,6,830053250
81809001,1,5,1409624750
81809001,2,3,1408450250
81809001,3,6,830053250
81809001,4,7,289747000
81809001,5,9,0
81809101,1,5,1409637500
81809101,2,3,1408456750
81809101,3,6,830051750
81809101,4,9,0
81809101,5,10,0
81809301,1,5,1409639000
81809301,2,3,1408456000
81809301,3,6,830053250
81809301,4,7,289749750
81809301,5,9,0
81810301,1,5,1409060250
81810301,2,6,829752500
81810301,3,7,289687250
81810301,4,9,0
81810301,5,10,0
81816401,1,3,1407984750
81816401,2,6,829707500
81816401,3,7,289633000
81816401,4,9,0
81816401,5,10,0
81818201,1,3,1401386250
81818201,2,6,826673250
81818201,3,7,288527750
81818201,4,9,0
81818201,5,10,0
81824600,1,2,27338802250
81824600,2,6,829139750
81824600,3,7,289335500
81824600,4,9,0
81824600,5,10,0
81837801,1,5,1407512500
81837801,2,6,828453500
81837801,3,7,289204750
81837801,4,9,0
81837801,5,10,0
81902301,1,1,450200905300
81902301,2,2,27338978250
81902301,3,5,1409640750
81902301,4,3,1408458250
81902301,5,6,830053250
81916601,1,2,27338978250
81916601,2,3,1408443250
81916601,3,6,830051750
81916601,4,7,289751000
81916601,5,9,0
82000701,1,5,1409274000
82000701,2,6,829823250
82000701,3,7,289683000
82000701,4,9,0
82000701,5,10,0
82002501,1,2,27338255500
82002501,2,6,827952000
82002501,3,7,289204000
82002501,4,9,0
82002501,5,10,0
82003401,1,3,1408445250
82003401,2,6,830041500
82003401,3,7,289724750
82003401,4,9,0
82003401,5,10,0
82003901,1,2,27338975750
82003901,2,5,1409640750
82003901,3,3,1408458250
82003901,4,6,830053250
82003901,5,7,289751000
82006001,1,2,27338848750
82006001,2,6,828671000
82006001,3,7,289456500
82006001,4,9,0
82006001,5,10,0
82018901,1,3,1407286750
82018901,2,6,829418000
82018901,3,7,289500500
82018901,4,9,0
82018901,5,10,0
82100501,1,2,27337977750
82100501,2,6,829479250
82100501,3,7,289426750
82100501,4,9,0
82100501,5,10,0
82101601,1,2,27338978250
82101601,2,3,1408346500
82101601,3,6,829997500
82101601,4,7,289751000
82101601,5,9,0
82301301,1,5,1408975250
82301301,2,6,829426750
82301301,3,7,289512500
82301301,4,9,0
82301301,5,10,0
82316701,1,3,1408326250
82316701,2,6,829916500
82316701,3,7,289679500
82316701,4,9,0
82316701,5,10,0
82337801,1,5,1409631500
82337801,2,6,830038500
82337801,3,7,289745500
82337801,4,9,0
82337801,5,10,0
82345600,1,3,1408256750
82345600,2,6,829872500
82345600,3,7,289731500
82345600,4,9,0
82345600,5,10,0
82345701,1,3,1408003750
82345701,2,6,829843500
82345701,3,7,289689750
82345701,4,9,0
82345701,5,10,0
82400201,1,2,27338978250
82400201,2,5,1409519500
82400201,3,6,829892250
82400201,4,7,289751000
82400201,5,9,0
82400401,1,5,1409626500
82400401,2,6,830040750
82400401,3,7,289748000
82400401,4,9,0
82400401,5,10,0
82400701,1,3,1408364500
82400701,2,6,829839000
82400701,3,7,289676250
82400701,4,9,0
82400701,5,10,0
82500201,1,2,27338650500
82500201,2,5,1409064500
82500201,3,7,289628750
82500201,4,9,0
82500201,5,10,0
82515600,1,2,27338978250
82515600,2,5,1409422750
82515600,3,6,829959000
82515600,4,7,289748250
82515600,5,9,0
82800001,1,5,1409591250
82800001,2,3,1408423750
82800001,3,7,289713750
82800001,4,9,0
82800001,5,10,0
83200001,1,3,1408107750
83200001,2,6,829636500
83200001,3,7,289349500
83200001,4,9,0
83200001,5,10,0
83200101,1,1,450200869900
83200101,2,2,27338978250
83200101,3,5,1409640750
83200101,4,3,1408458250
83200101,5,6,830053250
83700201,1,3,1408059500
83700201,2,6,829613750
83700201,3,7,289468500
83700201,4,9,0
83700201,5,10,0
83800001,1,2,27338976500
83800001,2,5,1409593750
83800001,3,7,289750000
83800001,4,9,0
83800001,5,10,0
83800101,1,5,1409556250
83800101,2,6,830042500
83800101,3,7,289748000
83800101,4,9,0
83800101,5,10,0
83800201,1,5,1409610000
83800201,2,6,830032250
83800201,3,7,289732500
83800201,4,9,0
83800201,5,10,0
83800301,1,5,1409630750
83800301,2,3,1408458250
83800301,3,6,830038250
83800301,4,7,289737250
83800301,5,9,0
83800401,1,2,27338978250
83800401,2,5,1409597250
83800401,3,3,1408458250
83800401,4,6,830053250
83800401,5,7,289731500
83800501,1,1,450200903300
83800501,2,2,27338978250
83800501,3,5,1409640750
83800501,4,3,1408458250
83800501,5,6,830053250
83800601,1,2,27338974250
83800601,2,5,1409640750
83800601,3,3,1408458250
83800601,4,6,830053250
83800601,5,7,289751000
90100810,1,2,27329327750
90100810,2,6,823233750
90100810,3,7,287855000
90100810,4,9,0
90100810,5,10,0
90100920,1,5,1404377250
90100920,2,6,827217500
90100920,3,7,288680000
90100920,4,9,0
90100920,5,10,0
90101601,1,2,27337915750
90101601,2,6,829139500
90101601,3,7,289420500
90101601,4,9,0
90101601,5,10,0
90103101,1,5,1408323250
90103101,2,6,829332750
90103101,3,7,289397500
90103101,4,9,0
90103101,5,10,0
90103701,1,5,1409378250
90103701,2,6,829922250
90103701,3,7,289726500
90103701,4,9,0
90103701,5,10,0
90104001,1,2,27336384250
90104001,2,5,1409640750
90104001,3,3,1408404250
90104001,4,6,830053250
90104001,5,7,289751000
90104401,1,3,1405185250
90104401,2,6,828598750
90104401,3,7,289118000
90104401,4,9,0
90104401,5,10,0
90104501,1,5,1408562500
90104501,2,6,829151500
90104501,3,7,289488000
90104501,4,9,0
90104501,5,10,0
90104701,1,2,27338977250
90104701,2,5,1409640750
90104701,3,3,1408458250
90104701,4,6,830053250
90104701,5,7,289751000
90105101,1,5,1409299750
90105101,2,6,829850500
90105101,3,7,289667750
90105101,4,9,0
90105101,5,10,0
90105801,1,5,1406639250
90105801,2,6,827915500
90105801,3,7,288813500
90105801,4,9,0
90105801,5,10,0
90106501,1,3,1407526750
90106501,2,6,829380000
90106501,3,7,289546500
90106501,4,9,0
90106501,5,10,0
90107001,1,5,1408816500
90107001,2,6,829222250
90107001,3,7,289519000
90107001,4,9,0
90107001,5,10,0
90107401,1,5,1409322750
90107401,2,6,829723250
90107401,3,7,289564750
90107401,4,9,0
90107401,5,10,0
90107901,1,5,1409640750
90107901,2,3,1408458250
90107901,3,6,830052250
90107901,4,7,289750500
90107901,5,9,0
90108001,1,1,450200904800
90108001,2,2,27338978250
90108001,3,5,1409640750
90108001,4,3,1408458250
90108001,5,6,830053250
90108101,1,5,1409149500
90108101,2,6,829736500
90108101,3,7,289553500
90108101,4,9,0
90108101,5,10,0
90108350,1,3,1406272500
90108350,2,6,827744000
90108350,3,7,288537750
90108350,4,9,0
90108350,5,10,0
90108701,1,5,1408622000
90108701,2,6,829105750
90108701,3,7,289334000
90108701,4,9,0
90108701,5,10,0
90108801,1,2,27333759000
90108801,2,6,825910750
90108801,3,7,288111500
90108801,4,9,0
90108801,5,10,0
90109001,1,5,1408917250
90109001,2,6,829671500
90109001,3,7,289610500
90109001,4,9,0
90109001,5,10,0
90111001,1,3,1407325000
90111001,2,6,829207750
90111001,3,7,289624000
90111001,4,9,0
90111001,5,10,0
90112240,1,5,1409387250
90112240,2,6,829747250
90112240,3,7,289727750
90112240,4,9,0
90112240,5,10,0
90114300,1,5,1409490000
90114300,2,3,1408250500
90114300,3,7,289736500
90114300,4,9,0
90114300,5,10,0
90114860,1,5,1408951750
90114860,2,6,829674750
90114860,3,7,289644250
90114860,4,9,0
90114860,5,10,0
90115050,1,5,1407237500
90115050,2,6,828508000
90115050,3,7,289203250
90115050,4,9,0
90115050,5,10,0
90116001,1,2,27338649750
90116001,2,6,827058500
90116001,3,7,288601250
90116001,4,9,0
90116001,5,10,0
90116150,1,2,27338978250
90116150,2,5,1408010000
90116150,3,6,829743750
90116150,4,7,289729000
90116150,5,9,0
90116901,1,3,1407307000
90116901,2,6,829518250
90116901,3,7,289625500
90116901,4,9,0
90116901,5,10,0
90117001,1,5,1409472000
90117001,2,6,829880250
90117001,3,7,289702500
90117001,4,9,0
90117001,5,10,0
90117601,1,5,1408971000
90117601,2,6,829661750
90117601,3,7,289667250
90117601,4,9,0
90117601,5,10,0
90117801,1,3,1407025750
90117801,2,6,828790750
90117801,3,7,289402250
90117801,4,9,0
90117801,5,10,0
90118201,1,5,1407663250
90118201,2,6,828441500
90118201,3,7,288975500
90118201,4,9,0
90118201,5,10,0
90134301,1,3,1406814750
90134301,2,6,829049000
90134301,3,7,289296500
90134301,4,9,0
90134301,5,10,0
90135201,1,5,1409538250
90135201,2,3,1408351250
90135201,3,7,289723750
90135201,4,9,0
90135201,5,10,0
90136701,1,5,1409196250
90136701,2,6,829648500
90136701,3,7,289653500
90136701,4,9,0
90136701,5,10,0
90137801,1,5,1406831500
90137801,2,6,828323500
90137801,3,7,289247500
90137801,4,9,0
90137801,5,10,0
90154601,1,5,1407336500
90154601,2,6,829023000
90154601,3,7,289399000
90154601,4,9,0
90154601,5,10,0
90155301,1,2,27338978250
90155301,2,3,1408401250
90155301,3,6,829967500
90155301,4,7,289751000
90155301,5,9,0
90157801,1,2,27338977750
90157801,2,5,1409414000
90157801,3,7,289640750
90157801,4,9,0
90157801,5,10,0
90157901,1,3,1407816750
90157901,2,6,829194250
90157901,3,7,289456500
90157901,4,9,0
90157901,5,10,0
90158201,1,5,1409577750
90158201,2,3,1408426500
90158201,3,7,289737500
90158201,4,9,0
90158201,5,10,0
90158301,1,5,1409623250
90158301,2,3,1408436000
90158301,3,6,830044500
90158301,4,7,289751000
90158301,5,9,0
90158401,1,3,1407444000
90158401,2,6,829290250
90158401,3,7,289471500
90158401,4,9,0
90158401,5,10,0
90158501,1,5,1408913750
90158501,2,6,829547000
90158501,3,7,289484250
90158501,4,9,0
90158501,5,10,0
90158601,1,5,1409579250
90158601,2,6,829962500
90158601,3,7,289732500
90158601,4,9,0
90158601,5,10,0
90200110,1,5,1403953500
90200110,2,6,826462500
90200110,3,7,288389750
90200110,4,9,0
90200110,5,10,0
90200260,1,2,27338978250
90200260,2,5,1409015500
90200260,3,6,829529500
90200260,4,7,289452500
90200260,5,9,0
90201600,1,2,27338969500
90201600,2,6,829096000
90201600,3,7,289423250
90201600,4,9,0
90201600,5,10,0
90203701,1,2,27338977000
90203701,2,5,1409639750
90203701,3,7,289747000
90203701,4,9,0
90203701,5,10,0
90203901,1,5,1409639500
90203901,2,6,830049750
90203901,3,7,289748000
90203901,4,9,0
90203901,5,10,0
90206430,1,2,27338661750
90206430,2,6,829580250
90206430,3,7,289600500
90206430,4,9,0
90206430,5,10,0
90207760,1,2,27338764000
90207760,2,6,829116000
90207760,3,7,289398000
90207760,4,9,0
90207760,5,10,0
90209110,1,2,27338977000
90209110,2,5,1407535250
90209110,3,7,288696750
90209110,4,9,0
90209110,5,10,0
90209520,1,2,27338978250
90209520,2,5,1409525250
90209520,3,6,829929750
90209520,4,7,289707000
90209520,5,9,0
90213201,1,3,1407645250
90213201,2,6,829176250
90213201,3,7,289406000
90213201,4,9,0
90213201,5,10,0
90214301,1,5,1408073750
90214301,2,6,829304250
90214301,3,7,289480500
90214301,4,9,0
90214301,5,10,0
90217401,1,5,1408662250
90217401,2,3,1407665000
90217401,3,7,289347750
90217401,4,9,0
90217401,5,10,0
90220101,1,3,1408354500
90220101,2,6,829897250
90220101,3,7,289600500
90220101,4,9,0
90220101,5,10,0
90228901,1,2,27338959500
90228901,2,6,829536500
90228901,3,7,289643500
90228901,4,9,0
90228901,5,10,0
90248901,1,2,27338956250
90248901,2,5,1409628750
90248901,3,7,289725000
90248901,4,9,0
90248901,5,10,0
90257800,1,2,27336662750
90257800,2,6,821156250
90257800,3,7,285751500
90257800,4,9,0
90257800,5,10,0
90267801,1,5,1407585750
90267801,2,6,828704500
90267801,3,7,289273000
90267801,4,9,0
90267801,5,10,0
90268301,1,3,1406427750
90268301,2,6,828790500
90268301,3,7,289094000
90268301,4,9,0
90268301,5,10,0
90300501,1,3,1405940250
90300501,2,6,828052000
90300501,3,7,289153500
90300501,4,9,0
90300501,5,10,0
90301510,1,2,27338978250
90301510,2,5,1408964000
90301510,3,6,829481500
90301510,4,7,289566250
90301510,5,9,0
90400401,1,2,27337721000
90400401,2,6,829002500
90400401,3,7,289520250
90400401,4,9,0
90400401,5,10,0
90425401,1,2,27338978250
90425401,2,5,1406681500
90425401,3,6,825970250
90425401,4,7,288810500
90425401,5,9,0
90434301,1,5,1403137750
90434301,2,6,825998500
90434301,3,7,288544250
90434301,4,9,0
90434301,5,10,0
90435700,1,5,1409218250
90435700,2,6,829474250
90435700,3,7,289587250
90435700,4,9,0
90435700,5,10,0
90500550,1,5,1409264000
90500550,2,6,829789000
90500550,3,7,289695000
90500550,4,9,0
90500550,5,10,0
90500820,1,2,27338972750
90500820,2,6,829909750
90500820,3,7,289722500
90500820,4,9,0
90500820,5,10,0
90500960,1,2,27338971750
90500960,2,6,829599750
90500960,3,7,289618250
90500960,4,9,0
90500960,5,10,0
90503601,1,2,27338977750
90503601,2,6,828912500
90503601,3,7,289309250
90503601,4,9,0
90503601,5,10,0
90504501,1,5,1408947250
90504501,2,6,829492750
90504501,3,7,289527250
90504501,4,9,0
90504501,5,10,0
90515201,1,5,1409517000
90515201,2,6,829926500
90515201,3,7,289698500
90515201,4,9,0
90515201,5,10,0
90600210,1,2,27338978250
90600210,2,5,1408518750
90600210,3,6,829268250
90600210,4,7,289599750
90600210,5,9,0
90601201,1,5,1409639750
90601201,2,3,1408457750
90601201,3,6,830052250
90601201,4,9,0
90601201,5,10,0
90601301,1,5,1409638250
90601301,2,3,1408458250
90601301,3,6,830050250
90601301,4,7,289748000
90601301,5,9,0
90601601,1,2,27338922000
90601601,2,6,829598000
90601601,3,7,289621000
90601601,4,9,0
90601601,5,10,0
90608501,1,5,1409472000
90608501,2,3,1408269750
90608501,3,7,289698250
90608501,4,9,0
90608501,5,10,0
90616100,1,5,1409297500
90616100,2,3,1408096250
90616100,3,7,289547750
90616100,4,9,0
90616100,5,10,0
90616600,1,5,1408636500
90616600,2,6,829452000
90616600,3,7,289485000
90616600,4,9,0
90616600,5,10,0
90618701,1,2,27338978250
90618701,2,5,1408750250
90618701,3,6,829058750
90618701,4,7,289559500
90618701,5,9,0
90700101,1,2,27338978250
90700101,2,3,1408203000
90700101,3,6,829673750
90700101,4,7,289719000
90700101,5,9,0
90700501,1,1,450199321500
90700501,2,2,27338978250
90700501,3,5,1409640750
90700501,4,3,1408458250
90700501,5,6,830053250
90700801,1,2,27338978250
90700801,2,3,1404834500
90700801,3,6,827201750
90700801,4,7,288765500
90700801,5,9,0
90701090,1,2,27338977000
90701090,2,6,829497500
90701090,3,7,289528000
90701090,4,9,0
90701090,5,10,0
90701260,1,5,1407335250
90701260,2,6,829025500
90701260,3,7,289490500
90701260,4,9,0
90701260,5,10,0
90716701,1,5,1409605000
90716701,2,6,830035250
90716701,3,7,289747000
90716701,4,9,0
90716701,5,10,0
90800430,1,3,1404384500
90800430,2,6,827118000
90800430,3,7,288449500
90800430,4,9,0
90800430,5,10,0
90800500,1,5,1383654000
90800500,2,6,817239250
90800500,3,7,285306250
90800500,4,9,0
90800500,5,10,0
90802901,1,2,27337642500
90802901,2,6,823683250
90802901,3,7,287127250
90802901,4,9,0
90802901,5,10,0
90803960,1,5,1394214500
90803960,2,6,818021250
90803960,3,7,284864500
90803960,4,9,0
90803960,5,10,0
90817601,1,5,1408706250
90817601,2,6,829278750
90817601,3,7,289363500
90817601,4,9,0
90817601,5,10,0
90904400,1,5,1407459250
90904400,2,6,828446500
90904400,3,7,289260750
90904400,4,9,0
90904400,5,10,0
90905901,1,2,27338966250
90905901,2,6,828657750
90905901,3,7,289419750
90905901,4,9,0
90905901,5,10,0
90927101,1,2,27338754750
90927101,2,6,828853250
90927101,3,7,289556750
90927101,4,9,0
90927101,5,10,0
90927201,1,5,1408452000
90927201,2,6,829179500
90927201,3,7,289490750
90927201,4,9,0
90927201,5,10,0
91000001,1,3,1407341000
91000001,2,6,828945750
91000001,3,7,289439250
91000001,4,9,0
91000001,5,10,0
91000120,1,5,1408360250
91000120,2,6,829238500
91000120,3,7,289473250
91000120,4,9,0
91000120,5,10,0
91000630,1,2,27337477750
91000630,2,6,826585500
91000630,3,7,288408000
91000630,4,9,0
91000630,5,10,0
91000801,1,2,27338978250
91000801,2,5,1408961250
91000801,3,6,829719000
91000801,4,7,289619250
91000801,5,9,0
91002001,1,2,27338978250
91002001,2,3,1405029750
91002001,3,6,827119500
91002001,4,7,289016500
91002001,5,9,0
91006301,1,2,27336444500
91006301,2,6,826536750
91006301,3,7,288803250
91006301,4,9,0
91006301,5,10,0
91006901,1,5,1405833000
91006901,2,6,827539500
91006901,3,7,288732750
91006901,4,9,0
91006901,5,10,0
91007001,1,5,1409469500
91007001,2,6,829846750
91007001,3,7,289716250
91007001,4,9,0
91007001,5,10,0
91100001,1,2,27338976250
91100001,2,6,829802750
91100001,3,7,289647750
91100001,4,9,0
91100001,5,10,0
91100801,1,5,1408463000
91100801,2,6,828913000
91100801,3,7,289155000
91100801,4,9,0
91100801,5,10,0
91101001,1,5,1409562250
91101001,2,6,829945500
91101001,3,7,289686250
91101001,4,9,0
91101001,5,10,0
91200420,1,2,27338978250
91200420,2,3,1408149000
91200420,3,6,829874750
91200420,4,7,289687750
91200420,5,9,0
91201101,1,2,27338976250
91201101,2,5,1409640750
91201101,3,3,1408458250
91201101,4,6,830053250
91201101,5,7,289751000
91201420,1,3,1408356000
91201420,2,6,829932750
91201420,3,7,289703000
91201420,4,9,0
91201420,5,10,0
91202120,1,2,27338968250
91202120,2,6,828555000
91202120,3,7,289247250
91202120,4,9,0
91202120,5,10,0
91202801,1,2,27338958500
91202801,2,6,828636000
91202801,3,7,289265000
91202801,4,9,0
91202801,5,10,0
91207801,1,2,27338973000
91207801,2,6,828940500
91207801,3,7,289310750
91207801,4,9,0
91207801,5,10,0
91300001,1,5,1409554500
91300001,2,3,1408408000
91300001,3,7,289734500
91300001,4,9,0
91300001,5,10,0
91300101,1,5,1409382500
91300101,2,3,1408299500
91300101,3,7,289630000
91300101,4,9,0
91300101,5,10,0
91300201,1,5,1409336750
91300201,2,6,829859500
91300201,3,7,289675500
91300201,4,9,0
91300201,5,10,0
91300301,1,3,1408448250
91300301,2,6,830036250
91300301,3,7,289746500
91300301,4,9,0
91300301,5,10,0
91300601,1,5,1409543500
91300601,2,3,1408307000
91300601,3,7,289743750
91300601,4,9,0
91300601,5,10,0
91300701,1,5,1409539250
91300701,2,6,829978250
91300701,3,7,289716000
91300701,4,9,0
91300701,5,10,0
91300801,1,5,1409545000
91300801,2,6,829990000
91300801,3,7,289717000
91300801,4,9,0
91300801,5,10,0
91300901,1,5,1409639000
91300901,2,3,1408454500
91300901,3,6,830050500
91300901,4,7,289751000
91300901,5,9,0
91301001,1,2,27338977750
91301001,2,5,1409640750
91301001,3,3,1408458250
91301001,4,6,830053250
91301001,5,7,289751000
91301101,1,2,27338971750
91301101,2,5,1409640750
91301101,3,3,1408458250
91301101,4,6,830053250
91301101,5,7,289751000
91301201,1,5,1408091250
91301201,2,6,828965750
91301201,3,7,289105500
91301201,4,9,0
91301201,5,10,0
91301301,1,1,450193235500
91301301,2,2,27338978250
91301301,3,5,1409640750
91301301,4,3,1408458250
91301301,5,6,830053250
91301401,1,3,1408421500
91301401,2,6,830002500
91301401,3,7,289716750
91301401,4,9,0
91301401,5,10,0
91301501,1,2,27338357750
91301501,2,5,1409640750
91301501,3,3,1408429750
91301501,4,6,830053250
91301501,5,7,289751000
91301601,1,1,450200904300
91301601,2,5,1409640750
91301601,3,3,1408458250
91301601,4,6,830053250
91301601,5,7,289751000
91301701,1,1,450200899600
91301701,2,2,27338978250
91301701,3,5,1409640750
91301701,4,3,1408458250
91301701,5,6,830053250
91400101,1,2,27338921750
91400101,2,6,829830500
91400101,3,7,289712500
91400101,4,9,0
91400101,5,10,0
91718901,1,2,27338959750
91718901,2,3,1408138500
91718901,3,7,289611500
91718901,4,9,0
91718901,5,10,0
